-- MySQL dump 10.13  Distrib 8.0.41, for Win64 (x86_64)
--
-- Host: localhost    Database: inventory_database
-- ------------------------------------------------------
-- Server version	9.3.0-commercial

/*!40101 SET @OLD_CHARACTER_SET_CLIENT=@@CHARACTER_SET_CLIENT */;
/*!40101 SET @OLD_CHARACTER_SET_RESULTS=@@CHARACTER_SET_RESULTS */;
/*!40101 SET @OLD_COLLATION_CONNECTION=@@COLLATION_CONNECTION */;
/*!50503 SET NAMES utf8 */;
/*!40103 SET @OLD_TIME_ZONE=@@TIME_ZONE */;
/*!40103 SET TIME_ZONE='+00:00' */;
/*!40014 SET @OLD_UNIQUE_CHECKS=@@UNIQUE_CHECKS, UNIQUE_CHECKS=0 */;
/*!40014 SET @OLD_FOREIGN_KEY_CHECKS=@@FOREIGN_KEY_CHECKS, FOREIGN_KEY_CHECKS=0 */;
/*!40101 SET @OLD_SQL_MODE=@@SQL_MODE, SQL_MODE='NO_AUTO_VALUE_ON_ZERO' */;
/*!40111 SET @OLD_SQL_NOTES=@@SQL_NOTES, SQL_NOTES=0 */;

--
-- Table structure for table `audit_tree`
--

DROP TABLE IF EXISTS `audit_tree`;
/*!40101 SET @saved_cs_client     = @@character_set_client */;
/*!50503 SET character_set_client = utf8mb4 */;
CREATE TABLE `audit_tree` (
  `id` int NOT NULL,
  `item` int DEFAULT NULL,
  `user` int DEFAULT NULL,
  `date` datetime NOT NULL,
  PRIMARY KEY (`id`)
) ENGINE=InnoDB DEFAULT CHARSET=utf8mb4 COLLATE=utf8mb4_0900_ai_ci;
/*!40101 SET character_set_client = @saved_cs_client */;

--
-- Dumping data for table `audit_tree`
--

LOCK TABLES `audit_tree` WRITE;
/*!40000 ALTER TABLE `audit_tree` DISABLE KEYS */;
/*!40000 ALTER TABLE `audit_tree` ENABLE KEYS */;
UNLOCK TABLES;

--
-- Table structure for table `employees`
--

DROP TABLE IF EXISTS `employees`;
/*!40101 SET @saved_cs_client     = @@character_set_client */;
/*!50503 SET character_set_client = utf8mb4 */;
CREATE TABLE `employees` (
  `employee_id` int NOT NULL,
  `employee_number` varchar(45) DEFAULT NULL,
  `first_name` varchar(50) NOT NULL,
  `last_name` varchar(50) NOT NULL,
  `department` varchar(45) NOT NULL,
  `position` varchar(45) NOT NULL,
  `user_account` int DEFAULT NULL,
  PRIMARY KEY (`employee_id`),
  UNIQUE KEY `user_account_UNIQUE` (`user_account`),
  UNIQUE KEY `employee_number_UNIQUE` (`employee_number`),
  KEY `user_account_idx` (`user_account`),
  CONSTRAINT `user_account` FOREIGN KEY (`user_account`) REFERENCES `user_accounts` (`id`)
) ENGINE=InnoDB DEFAULT CHARSET=utf8mb4 COLLATE=utf8mb4_0900_ai_ci;
/*!40101 SET character_set_client = @saved_cs_client */;

--
-- Dumping data for table `employees`
--

LOCK TABLES `employees` WRITE;
/*!40000 ALTER TABLE `employees` DISABLE KEYS */;
INSERT INTO `employees` VALUES (1,NULL,'Seth Owen','Dangli','Management Information System','Intern',2),(2,NULL,'Aron','Ramilo','Marketing','Assistant',NULL),(3,NULL,'Cassandra','Lopez','Marketing','Head',NULL),(4,NULL,'Joydee','Ricafort','Library','Librarian',NULL),(5,NULL,'Joyce','Borbon','Library','Librarian',NULL),(6,NULL,'Joan','Ugdamina','Library','Librarian',NULL),(7,NULL,'Michelle','Esteban','Library','Head',NULL),(8,NULL,'Rhia','Vicente','Senior High School','Faculty',NULL),(9,NULL,'Rio','Alajar','Senior High School','Faculty',NULL),(10,NULL,'Joseph Paul','Loveria','Management Information System','Supervisor',NULL),(11,NULL,'Genaro','Moloboco','Management Information System','Head',NULL),(12,NULL,'Ariel','Serencio','Registrar','Registrar',NULL),(13,NULL,'Cherry','Sevidal','Registrar','Registrar',NULL),(14,NULL,'Floriam','Argawanon','Registrar','Registrar',NULL),(15,NULL,'Myra','Ramos','Registrar','Head',NULL),(16,NULL,'Dennis','Salvador','Registrar','Registrar',NULL),(17,NULL,'Janella','Gatchalian','School of Engineering','Secretary',NULL),(18,NULL,'Shaira','Baduya','School of Architecture','Secretary',NULL),(19,NULL,'Ramon','Ducusin','General Services','Head',NULL),(20,NULL,'Jun','N/A','General Services','Maintainance',NULL),(21,NULL,'Omarcy','Llave','Human Resources','Assistant',NULL),(22,NULL,'Ceejae','Andrade','Human Resources','Assistant',NULL),(23,NULL,'Edward','Bora','Human Resources','Assistant',NULL),(24,NULL,'Mar','Isic','Human Resources','Head',NULL),(25,NULL,'Anna','Romero','Accounting','Head',NULL),(26,NULL,'Astrid Gail','De Guzman','Accounting','Assistant',NULL),(27,NULL,'Roseller','Soriano','Accounting','Assistant',NULL),(28,NULL,'Lorena','Gregorio','Accounting','Assistant',NULL),(29,NULL,'Pia','Caccam','Center for Student Affairs and Wellbeing','Consultant',NULL),(30,NULL,'Severino','Angelano','Center for Student Affairs and Wellbeing','Assistant',NULL),(31,NULL,'Elainne','Alajar','Center for Student Affairs and Wellbeing','Deputy Head',NULL),(32,NULL,'Margarette','Dela Cruz','Student Engagement and Services Office','OIC - Head',NULL),(33,NULL,'Junnelyne','Cagobcob','Accounting','Cashier',NULL),(34,NULL,'Paula','Navalta','Office of the President','Secretary',NULL),(35,NULL,'Lucille','Ortile','Office of the President','Vice President',NULL),(36,NULL,'Leo','Abrilla','School of Criminal Justice','Secretary',NULL),(37,NULL,'Charmaine','Pineda','School of Law','Secretary',NULL),(38,NULL,'Teresa Marie','Cacdac','School of Law','Secretary',NULL),(39,NULL,'Galahad Pe','Benito','School of Law','Secretary',NULL),(40,NULL,'Tonette','Nuñez','School of Law','Secretary',NULL),(41,NULL,'Feliza','Hernandez','School of Graduate Studies','Secretary',NULL),(42,NULL,'Joy Anne','Vicente','School of Business','Secretary',NULL),(43,NULL,'Eden','Ferrer','School of Business','Secretary',NULL),(44,NULL,'Joana','Jose','Senior High School','Principal',NULL),(45,NULL,'Ms. Mina','Vizcarra','Quality Assurance and Compliance Office','Consultant',NULL),(46,NULL,'Jonathan','Pasamonte','Admission','Admission',NULL);
/*!40000 ALTER TABLE `employees` ENABLE KEYS */;
UNLOCK TABLES;

--
-- Table structure for table `item_assignment_history`
--

DROP TABLE IF EXISTS `item_assignment_history`;
/*!40101 SET @saved_cs_client     = @@character_set_client */;
/*!50503 SET character_set_client = utf8mb4 */;
CREATE TABLE `item_assignment_history` (
  `history_id` int NOT NULL AUTO_INCREMENT,
  `item` varchar(32) NOT NULL,
  `employee` int DEFAULT NULL,
  `assigned_date` datetime NOT NULL,
  `removed_date` datetime DEFAULT NULL,
  PRIMARY KEY (`history_id`),
  KEY `item_assignment_history_ibfk_2` (`employee`) /*!80000 INVISIBLE */,
  CONSTRAINT `item_assignment_history_ibfk_2` FOREIGN KEY (`employee`) REFERENCES `employees` (`employee_id`) ON DELETE SET NULL
) ENGINE=InnoDB AUTO_INCREMENT=388 DEFAULT CHARSET=utf8mb4 COLLATE=utf8mb4_0900_ai_ci;
/*!40101 SET character_set_client = @saved_cs_client */;

--
-- Dumping data for table `item_assignment_history`
--

LOCK TABLES `item_assignment_history` WRITE;
/*!40000 ALTER TABLE `item_assignment_history` DISABLE KEYS */;
INSERT INTO `item_assignment_history` VALUES (25,'MLQU-0000001',NULL,'2025-05-22 10:38:09','2025-05-22 10:38:25'),(26,'MLQU-0000001',NULL,'2025-05-22 10:38:25','2025-05-22 10:38:32'),(27,'MLQU-0000001',NULL,'2025-05-26 14:07:07','2025-05-26 15:29:51'),(28,'MLQU-0000001',NULL,'2025-05-26 15:29:51','2025-05-27 11:51:44'),(29,'MLQU-0000001',NULL,'2025-05-27 11:51:44','2025-05-28 09:47:52'),(30,'MLQU-0000001',NULL,'2025-05-28 16:37:04','2025-05-28 16:37:16'),(31,'MLQU-0000001',NULL,'2025-05-28 16:37:16','2025-06-17 13:44:11'),(32,'MLQU-0000001',NULL,'2025-06-17 13:44:11',NULL),(33,'MLQU-0000001',NULL,'2025-06-17 16:52:03',NULL),(34,'MLQU-0000001',NULL,'2025-06-18 11:19:27',NULL),(35,'MLQU-0000001',NULL,'2025-06-19 15:38:10',NULL),(36,'MLQU-0000002',NULL,'2025-06-19 15:38:10',NULL),(37,'MLQU-0000003',NULL,'2025-06-19 15:38:10',NULL),(38,'MLQU-0000004',NULL,'2025-06-19 15:38:10',NULL),(39,'MLQU-0000005',NULL,'2025-06-19 15:38:10',NULL),(40,'MLQU-0000006',NULL,'2025-06-19 15:38:10',NULL),(41,'MLQU-0000007',NULL,'2025-06-19 15:38:10',NULL),(42,'MLQU-0000008',NULL,'2025-06-19 15:38:10',NULL),(43,'MLQU-0000009',NULL,'2025-06-19 15:38:10',NULL),(44,'MLQU-0000010',NULL,'2025-06-19 15:38:10',NULL),(45,'MLQU-0000011',NULL,'2025-06-19 15:38:10',NULL),(46,'MLQU-0000012',NULL,'2025-06-19 15:38:10',NULL),(47,'MLQU-0000013',NULL,'2025-06-19 15:38:10',NULL),(48,'MLQU-0000014',NULL,'2025-06-19 15:38:10',NULL),(49,'MLQU-0000015',NULL,'2025-06-19 15:38:10',NULL),(50,'MLQU-0000016',NULL,'2025-06-19 15:38:10',NULL),(51,'MLQU-0000017',NULL,'2025-06-19 15:38:10',NULL),(52,'MLQU-0000019',NULL,'2025-06-19 15:38:10',NULL),(53,'MLQU-0000020',NULL,'2025-06-19 15:38:10',NULL),(54,'MLQU-0000021',NULL,'2025-06-19 15:38:10',NULL),(55,'MLQU-0000022',NULL,'2025-06-19 15:38:10',NULL),(56,'MLQU-0000023',NULL,'2025-06-19 15:38:10',NULL),(57,'MLQU-0000024',NULL,'2025-06-19 15:38:10',NULL),(58,'MLQU-0000025',NULL,'2025-06-19 15:38:10',NULL),(59,'MLQU-0000026',NULL,'2025-06-19 15:38:10',NULL),(60,'MLQU-0000027',NULL,'2025-06-19 15:38:10',NULL),(61,'MLQU-0000028',NULL,'2025-06-19 15:38:10',NULL),(62,'MLQU-0000029',NULL,'2025-06-19 15:38:10',NULL),(63,'MLQU-0000030',NULL,'2025-06-19 15:38:10',NULL),(64,'MLQU-0000031',NULL,'2025-06-19 15:38:10',NULL),(65,'MLQU-0000032',NULL,'2025-06-19 15:38:10',NULL),(66,'MLQU-0000033',NULL,'2025-06-19 15:38:10',NULL),(67,'MLQU-0000034',NULL,'2025-06-19 15:38:10',NULL),(68,'MLQU-0000035',NULL,'2025-06-19 15:38:10',NULL),(69,'MLQU-0000036',NULL,'2025-06-19 15:38:10',NULL),(70,'MLQU-0000037',NULL,'2025-06-19 15:38:10',NULL),(71,'MLQU-0000038',NULL,'2025-06-19 15:38:10',NULL),(72,'MLQU-0000039',NULL,'2025-06-19 15:38:10',NULL),(73,'MLQU-0000040',NULL,'2025-06-19 15:38:10',NULL),(74,'MLQU-0000041',NULL,'2025-06-19 15:38:10',NULL),(75,'MLQU-0000042',NULL,'2025-06-19 15:38:10',NULL),(76,'MLQU-0000043',NULL,'2025-06-19 15:38:10',NULL),(77,'MLQU-0000044',NULL,'2025-06-19 15:38:10','2025-06-30 11:06:14'),(78,'MLQU-0000045',NULL,'2025-06-19 15:38:10',NULL),(79,'MLQU-0000046',NULL,'2025-06-19 15:38:10',NULL),(80,'MLQU-0000047',NULL,'2025-06-19 15:38:10',NULL),(81,'MLQU-0000048',NULL,'2025-06-19 15:38:10',NULL),(82,'MLQU-0000049',NULL,'2025-06-19 15:38:10',NULL),(83,'MLQU-0000050',NULL,'2025-06-19 15:38:10',NULL),(84,'MLQU-0000051',NULL,'2025-06-19 15:38:10',NULL),(85,'MLQU-0000052',NULL,'2025-06-19 15:38:10',NULL),(86,'MLQU-0000053',NULL,'2025-06-19 15:38:10',NULL),(87,'MLQU-0000054',NULL,'2025-06-19 15:38:10',NULL),(88,'MLQU-0000055',NULL,'2025-06-19 15:38:10',NULL),(89,'MLQU-0000056',NULL,'2025-06-19 15:38:10',NULL),(90,'MLQU-0000057',NULL,'2025-06-19 15:38:10',NULL),(91,'MLQU-0000058',NULL,'2025-06-19 15:38:10',NULL),(92,'MLQU-0000059',NULL,'2025-06-19 15:38:10',NULL),(93,'MLQU-0000060',NULL,'2025-06-19 15:38:10',NULL),(94,'MLQU-0000061',NULL,'2025-06-19 15:38:10',NULL),(95,'MLQU-0000062',NULL,'2025-06-19 15:38:10',NULL),(96,'MLQU-0000063',NULL,'2025-06-19 15:38:10',NULL),(97,'MLQU-0000064',NULL,'2025-06-19 15:38:10',NULL),(98,'MLQU-0000065',NULL,'2025-06-19 15:38:10',NULL),(99,'MLQU-0000066',NULL,'2025-06-19 15:38:10',NULL),(100,'MLQU-0000067',NULL,'2025-06-19 15:38:10',NULL),(101,'MLQU-0000068',NULL,'2025-06-19 15:38:10',NULL),(102,'MLQU-0000069',NULL,'2025-06-19 15:38:10',NULL),(103,'MLQU-0000070',NULL,'2025-06-19 15:38:10',NULL),(104,'MLQU-0000071',NULL,'2025-06-19 15:38:10',NULL),(105,'MLQU-0000072',NULL,'2025-06-19 15:38:10',NULL),(106,'MLQU-0000073',NULL,'2025-06-19 15:38:10',NULL),(107,'MLQU-0000074',NULL,'2025-06-19 15:38:10',NULL),(108,'MLQU-0000075',NULL,'2025-06-19 15:38:10',NULL),(109,'MLQU-0000076',NULL,'2025-06-19 15:38:10',NULL),(110,'MLQU-0000021',NULL,'2025-06-20 10:20:11',NULL),(111,'MLQU-0000034',NULL,'2025-06-20 10:20:11',NULL),(112,'MLQU-0000059',NULL,'2025-06-20 10:20:11',NULL),(113,'MLQU-0000064',NULL,'2025-06-20 10:20:11',NULL),(114,'MLQU-0000065',NULL,'2025-06-20 10:20:11',NULL),(115,'MLQU-0000021',NULL,'2025-06-20 10:20:39',NULL),(116,'MLQU-0000034',NULL,'2025-06-20 10:20:39',NULL),(117,'MLQU-0000059',NULL,'2025-06-20 10:20:39',NULL),(118,'MLQU-0000064',NULL,'2025-06-20 10:20:39',NULL),(119,'MLQU-0000065',NULL,'2025-06-20 10:20:39',NULL),(120,'MLQU-0000021',NULL,'2025-06-20 10:23:57',NULL),(121,'MLQU-0000034',NULL,'2025-06-20 10:23:57',NULL),(122,'MLQU-0000059',NULL,'2025-06-20 10:23:57',NULL),(123,'MLQU-0000064',NULL,'2025-06-20 10:23:57',NULL),(124,'MLQU-0000065',NULL,'2025-06-20 10:23:57',NULL),(125,'MLQU-0000021',NULL,'2025-06-20 10:34:24',NULL),(126,'MLQU-0000034',NULL,'2025-06-20 10:34:24',NULL),(127,'MLQU-0000059',NULL,'2025-06-20 10:34:24',NULL),(128,'MLQU-0000064',NULL,'2025-06-20 10:34:24',NULL),(129,'MLQU-0000065',NULL,'2025-06-20 10:34:24',NULL),(130,'MLQU-0000001',NULL,'2025-06-20 10:36:20',NULL),(131,'MLQU-0000002',NULL,'2025-06-20 10:36:20',NULL),(132,'MLQU-0000003',NULL,'2025-06-20 10:36:20',NULL),(133,'MLQU-0000004',NULL,'2025-06-20 10:36:20',NULL),(134,'MLQU-0000005',NULL,'2025-06-20 10:36:20',NULL),(135,'MLQU-0000006',NULL,'2025-06-20 10:36:20',NULL),(136,'MLQU-0000007',NULL,'2025-06-20 10:36:20',NULL),(137,'MLQU-0000008',NULL,'2025-06-20 10:36:20',NULL),(138,'MLQU-0000009',NULL,'2025-06-20 10:36:20',NULL),(139,'MLQU-0000010',NULL,'2025-06-20 10:36:20',NULL),(140,'MLQU-0000011',NULL,'2025-06-20 10:36:20',NULL),(141,'MLQU-0000012',NULL,'2025-06-20 10:36:20',NULL),(142,'MLQU-0000013',NULL,'2025-06-20 10:36:20',NULL),(143,'MLQU-0000014',NULL,'2025-06-20 10:36:20',NULL),(144,'MLQU-0000015',NULL,'2025-06-20 10:36:20',NULL),(145,'MLQU-0000016',NULL,'2025-06-20 10:36:20',NULL),(146,'MLQU-0000017',NULL,'2025-06-20 10:36:20',NULL),(147,'MLQU-0000019',NULL,'2025-06-20 10:36:20',NULL),(148,'MLQU-0000020',NULL,'2025-06-20 10:36:20',NULL),(149,'MLQU-0000021',NULL,'2025-06-20 10:36:20',NULL),(150,'MLQU-0000022',NULL,'2025-06-20 10:36:20',NULL),(151,'MLQU-0000023',NULL,'2025-06-20 10:36:20',NULL),(152,'MLQU-0000024',NULL,'2025-06-20 10:36:20',NULL),(153,'MLQU-0000025',NULL,'2025-06-20 10:36:20',NULL),(154,'MLQU-0000026',NULL,'2025-06-20 10:36:20',NULL),(155,'MLQU-0000027',NULL,'2025-06-20 10:36:20',NULL),(156,'MLQU-0000028',NULL,'2025-06-20 10:36:20',NULL),(157,'MLQU-0000029',NULL,'2025-06-20 10:36:20',NULL),(158,'MLQU-0000030',NULL,'2025-06-20 10:36:20',NULL),(159,'MLQU-0000031',NULL,'2025-06-20 10:36:20',NULL),(160,'MLQU-0000032',NULL,'2025-06-20 10:36:20',NULL),(161,'MLQU-0000033',NULL,'2025-06-20 10:36:20',NULL),(162,'MLQU-0000034',NULL,'2025-06-20 10:36:20',NULL),(163,'MLQU-0000035',NULL,'2025-06-20 10:36:20',NULL),(164,'MLQU-0000036',NULL,'2025-06-20 10:36:20',NULL),(165,'MLQU-0000037',NULL,'2025-06-20 10:36:20',NULL),(166,'MLQU-0000038',NULL,'2025-06-20 10:36:20',NULL),(167,'MLQU-0000039',NULL,'2025-06-20 10:36:20',NULL),(168,'MLQU-0000040',NULL,'2025-06-20 10:36:20',NULL),(169,'MLQU-0000041',NULL,'2025-06-20 10:36:20',NULL),(170,'MLQU-0000042',NULL,'2025-06-20 10:36:20',NULL),(171,'MLQU-0000043',NULL,'2025-06-20 10:36:20',NULL),(172,'MLQU-0000044',NULL,'2025-06-20 10:36:20','2025-06-30 11:06:14'),(173,'MLQU-0000045',NULL,'2025-06-20 10:36:20',NULL),(174,'MLQU-0000046',NULL,'2025-06-20 10:36:20',NULL),(175,'MLQU-0000047',NULL,'2025-06-20 10:36:20',NULL),(176,'MLQU-0000048',NULL,'2025-06-20 10:36:20',NULL),(177,'MLQU-0000049',NULL,'2025-06-20 10:36:20',NULL),(178,'MLQU-0000050',NULL,'2025-06-20 10:36:20',NULL),(179,'MLQU-0000051',NULL,'2025-06-20 10:36:20',NULL),(180,'MLQU-0000052',NULL,'2025-06-20 10:36:20',NULL),(181,'MLQU-0000053',NULL,'2025-06-20 10:36:20',NULL),(182,'MLQU-0000054',NULL,'2025-06-20 10:36:20',NULL),(183,'MLQU-0000055',NULL,'2025-06-20 10:36:20',NULL),(184,'MLQU-0000056',NULL,'2025-06-20 10:36:20',NULL),(185,'MLQU-0000057',NULL,'2025-06-20 10:36:20',NULL),(186,'MLQU-0000058',NULL,'2025-06-20 10:36:20',NULL),(187,'MLQU-0000059',NULL,'2025-06-20 10:36:20',NULL),(188,'MLQU-0000060',NULL,'2025-06-20 10:36:20',NULL),(189,'MLQU-0000061',NULL,'2025-06-20 10:36:20',NULL),(190,'MLQU-0000062',NULL,'2025-06-20 10:36:20',NULL),(191,'MLQU-0000063',NULL,'2025-06-20 10:36:20',NULL),(192,'MLQU-0000064',NULL,'2025-06-20 10:36:20',NULL),(193,'MLQU-0000065',NULL,'2025-06-20 10:36:20',NULL),(194,'MLQU-0000066',NULL,'2025-06-20 10:36:20',NULL),(195,'MLQU-0000067',NULL,'2025-06-20 10:36:20',NULL),(196,'MLQU-0000068',NULL,'2025-06-20 10:36:20',NULL),(197,'MLQU-0000069',NULL,'2025-06-20 10:36:20',NULL),(198,'MLQU-0000070',NULL,'2025-06-20 10:36:20',NULL),(199,'MLQU-0000071',NULL,'2025-06-20 10:36:20',NULL),(200,'MLQU-0000072',NULL,'2025-06-20 10:36:20',NULL),(201,'MLQU-0000073',NULL,'2025-06-20 10:36:20',NULL),(202,'MLQU-0000074',NULL,'2025-06-20 10:36:20',NULL),(203,'MLQU-0000075',NULL,'2025-06-20 10:36:20',NULL),(204,'MLQU-0000076',NULL,'2025-06-20 10:36:20',NULL),(205,'MLQU-0000021',NULL,'2025-06-20 10:56:57',NULL),(206,'MLQU-0000034',NULL,'2025-06-20 10:56:57',NULL),(207,'MLQU-0000059',NULL,'2025-06-20 10:56:57',NULL),(208,'MLQU-0000064',NULL,'2025-06-20 10:56:57',NULL),(209,'MLQU-0000065',NULL,'2025-06-20 10:56:57',NULL),(210,'MLQU-0000021',NULL,'2025-06-20 10:57:20',NULL),(211,'MLQU-0000034',NULL,'2025-06-20 10:57:20',NULL),(212,'MLQU-0000059',NULL,'2025-06-20 10:57:20',NULL),(213,'MLQU-0000064',NULL,'2025-06-20 10:57:20',NULL),(214,'MLQU-0000065',NULL,'2025-06-20 10:57:20',NULL),(215,'MLQU-0000001',NULL,'2025-06-20 10:59:11',NULL),(216,'MLQU-0000002',NULL,'2025-06-20 10:59:11',NULL),(217,'MLQU-0000003',NULL,'2025-06-20 10:59:11',NULL),(218,'MLQU-0000004',NULL,'2025-06-20 10:59:11',NULL),(219,'MLQU-0000005',NULL,'2025-06-20 10:59:11',NULL),(220,'MLQU-0000006',NULL,'2025-06-20 10:59:11',NULL),(221,'MLQU-0000007',NULL,'2025-06-20 10:59:11',NULL),(222,'MLQU-0000008',NULL,'2025-06-20 10:59:11',NULL),(223,'MLQU-0000009',NULL,'2025-06-20 10:59:11',NULL),(224,'MLQU-0000010',NULL,'2025-06-20 10:59:11',NULL),(225,'MLQU-0000011',NULL,'2025-06-20 10:59:11',NULL),(226,'MLQU-0000012',NULL,'2025-06-20 10:59:11',NULL),(227,'MLQU-0000013',NULL,'2025-06-20 10:59:11',NULL),(228,'MLQU-0000014',NULL,'2025-06-20 10:59:11',NULL),(229,'MLQU-0000015',NULL,'2025-06-20 10:59:11',NULL),(230,'MLQU-0000016',NULL,'2025-06-20 10:59:11',NULL),(231,'MLQU-0000017',NULL,'2025-06-20 10:59:11',NULL),(232,'MLQU-0000019',NULL,'2025-06-20 10:59:11',NULL),(233,'MLQU-0000020',NULL,'2025-06-20 10:59:11',NULL),(234,'MLQU-0000021',NULL,'2025-06-20 10:59:11',NULL),(235,'MLQU-0000022',NULL,'2025-06-20 10:59:11',NULL),(236,'MLQU-0000023',NULL,'2025-06-20 10:59:11',NULL),(237,'MLQU-0000024',NULL,'2025-06-20 10:59:11',NULL),(238,'MLQU-0000025',NULL,'2025-06-20 10:59:11',NULL),(239,'MLQU-0000026',NULL,'2025-06-20 10:59:11',NULL),(240,'MLQU-0000027',NULL,'2025-06-20 10:59:11',NULL),(241,'MLQU-0000028',NULL,'2025-06-20 10:59:11',NULL),(242,'MLQU-0000029',NULL,'2025-06-20 10:59:11',NULL),(243,'MLQU-0000030',NULL,'2025-06-20 10:59:11',NULL),(244,'MLQU-0000031',NULL,'2025-06-20 10:59:11',NULL),(245,'MLQU-0000032',NULL,'2025-06-20 10:59:11',NULL),(246,'MLQU-0000033',NULL,'2025-06-20 10:59:11',NULL),(247,'MLQU-0000034',NULL,'2025-06-20 10:59:11',NULL),(248,'MLQU-0000035',NULL,'2025-06-20 10:59:11',NULL),(249,'MLQU-0000036',NULL,'2025-06-20 10:59:11',NULL),(250,'MLQU-0000037',NULL,'2025-06-20 10:59:11',NULL),(251,'MLQU-0000038',NULL,'2025-06-20 10:59:11',NULL),(252,'MLQU-0000039',NULL,'2025-06-20 10:59:11',NULL),(253,'MLQU-0000040',NULL,'2025-06-20 10:59:11',NULL),(254,'MLQU-0000041',NULL,'2025-06-20 10:59:11',NULL),(255,'MLQU-0000042',NULL,'2025-06-20 10:59:11',NULL),(256,'MLQU-0000043',NULL,'2025-06-20 10:59:11',NULL),(257,'MLQU-0000044',NULL,'2025-06-20 10:59:11','2025-06-30 11:06:14'),(258,'MLQU-0000045',NULL,'2025-06-20 10:59:11',NULL),(259,'MLQU-0000046',NULL,'2025-06-20 10:59:11',NULL),(260,'MLQU-0000047',NULL,'2025-06-20 10:59:11',NULL),(261,'MLQU-0000048',NULL,'2025-06-20 10:59:11',NULL),(262,'MLQU-0000049',NULL,'2025-06-20 10:59:11',NULL),(263,'MLQU-0000050',NULL,'2025-06-20 10:59:11',NULL),(264,'MLQU-0000051',NULL,'2025-06-20 10:59:11',NULL),(265,'MLQU-0000052',NULL,'2025-06-20 10:59:11',NULL),(266,'MLQU-0000053',NULL,'2025-06-20 10:59:11',NULL),(267,'MLQU-0000054',NULL,'2025-06-20 10:59:11',NULL),(268,'MLQU-0000055',NULL,'2025-06-20 10:59:11',NULL),(269,'MLQU-0000056',NULL,'2025-06-20 10:59:11',NULL),(270,'MLQU-0000057',NULL,'2025-06-20 10:59:11',NULL),(271,'MLQU-0000058',NULL,'2025-06-20 10:59:11',NULL),(272,'MLQU-0000059',NULL,'2025-06-20 10:59:11',NULL),(273,'MLQU-0000060',NULL,'2025-06-20 10:59:11',NULL),(274,'MLQU-0000061',NULL,'2025-06-20 10:59:11',NULL),(275,'MLQU-0000062',NULL,'2025-06-20 10:59:11',NULL),(276,'MLQU-0000063',NULL,'2025-06-20 10:59:11',NULL),(277,'MLQU-0000064',NULL,'2025-06-20 10:59:11',NULL),(278,'MLQU-0000065',NULL,'2025-06-20 10:59:11',NULL),(279,'MLQU-0000066',NULL,'2025-06-20 10:59:11',NULL),(280,'MLQU-0000067',NULL,'2025-06-20 10:59:11',NULL),(281,'MLQU-0000068',NULL,'2025-06-20 10:59:11',NULL),(282,'MLQU-0000069',NULL,'2025-06-20 10:59:11',NULL),(283,'MLQU-0000070',NULL,'2025-06-20 10:59:11',NULL),(284,'MLQU-0000071',NULL,'2025-06-20 10:59:11',NULL),(285,'MLQU-0000072',NULL,'2025-06-20 10:59:11',NULL),(286,'MLQU-0000073',NULL,'2025-06-20 10:59:11',NULL),(287,'MLQU-0000074',NULL,'2025-06-20 10:59:11',NULL),(288,'MLQU-0000075',NULL,'2025-06-20 10:59:11',NULL),(289,'MLQU-0000076',NULL,'2025-06-20 10:59:11',NULL),(290,'MLQU-0000077',NULL,'2025-06-20 10:59:11',NULL),(291,'MLQU-0000001',NULL,'2025-06-20 11:42:08',NULL),(292,'MLQU-0000002',NULL,'2025-06-20 11:42:08',NULL),(293,'MLQU-0000003',NULL,'2025-06-20 11:42:08',NULL),(294,'MLQU-0000004',NULL,'2025-06-20 11:42:08',NULL),(295,'MLQU-0000005',NULL,'2025-06-20 11:42:08',NULL),(296,'MLQU-0000006',NULL,'2025-06-20 11:42:08',NULL),(297,'MLQU-0000007',NULL,'2025-06-20 11:42:08',NULL),(298,'MLQU-0000008',NULL,'2025-06-20 11:42:08',NULL),(299,'MLQU-0000009',NULL,'2025-06-20 11:42:08',NULL),(300,'MLQU-0000010',NULL,'2025-06-20 11:42:08',NULL),(301,'MLQU-0000011',NULL,'2025-06-20 11:42:08',NULL),(302,'MLQU-0000012',NULL,'2025-06-20 11:42:08',NULL),(303,'MLQU-0000013',NULL,'2025-06-20 11:42:08',NULL),(304,'MLQU-0000014',NULL,'2025-06-20 11:42:08',NULL),(305,'MLQU-0000015',NULL,'2025-06-20 11:42:08',NULL),(306,'MLQU-0000016',NULL,'2025-06-20 11:42:08',NULL),(307,'MLQU-0000017',NULL,'2025-06-20 11:42:08',NULL),(308,'MLQU-0000019',NULL,'2025-06-20 11:42:08',NULL),(309,'MLQU-0000020',NULL,'2025-06-20 11:42:08',NULL),(310,'MLQU-0000021',NULL,'2025-06-20 11:42:08',NULL),(311,'MLQU-0000022',NULL,'2025-06-20 11:42:08',NULL),(312,'MLQU-0000023',NULL,'2025-06-20 11:42:08',NULL),(313,'MLQU-0000024',NULL,'2025-06-20 11:42:08',NULL),(314,'MLQU-0000025',NULL,'2025-06-20 11:42:08',NULL),(315,'MLQU-0000026',NULL,'2025-06-20 11:42:08',NULL),(316,'MLQU-0000027',NULL,'2025-06-20 11:42:08',NULL),(317,'MLQU-0000028',NULL,'2025-06-20 11:42:08',NULL),(318,'MLQU-0000029',NULL,'2025-06-20 11:42:08',NULL),(319,'MLQU-0000030',NULL,'2025-06-20 11:42:08',NULL),(320,'MLQU-0000031',NULL,'2025-06-20 11:42:08',NULL),(321,'MLQU-0000032',NULL,'2025-06-20 11:42:08',NULL),(322,'MLQU-0000033',NULL,'2025-06-20 11:42:08',NULL),(323,'MLQU-0000034',NULL,'2025-06-20 11:42:08',NULL),(324,'MLQU-0000035',NULL,'2025-06-20 11:42:08',NULL),(325,'MLQU-0000036',NULL,'2025-06-20 11:42:08',NULL),(326,'MLQU-0000037',NULL,'2025-06-20 11:42:08',NULL),(327,'MLQU-0000038',NULL,'2025-06-20 11:42:08',NULL),(328,'MLQU-0000039',NULL,'2025-06-20 11:42:08',NULL),(329,'MLQU-0000040',NULL,'2025-06-20 11:42:08',NULL),(330,'MLQU-0000041',NULL,'2025-06-20 11:42:08',NULL),(331,'MLQU-0000042',NULL,'2025-06-20 11:42:08',NULL),(332,'MLQU-0000043',NULL,'2025-06-20 11:42:08',NULL),(333,'MLQU-0000044',NULL,'2025-06-20 11:42:08','2025-06-30 11:06:14'),(334,'MLQU-0000045',NULL,'2025-06-20 11:42:08',NULL),(335,'MLQU-0000046',NULL,'2025-06-20 11:42:08',NULL),(336,'MLQU-0000047',NULL,'2025-06-20 11:42:08',NULL),(337,'MLQU-0000048',NULL,'2025-06-20 11:42:08',NULL),(338,'MLQU-0000049',NULL,'2025-06-20 11:42:08',NULL),(339,'MLQU-0000050',NULL,'2025-06-20 11:42:08',NULL),(340,'MLQU-0000051',NULL,'2025-06-20 11:42:08',NULL),(341,'MLQU-0000052',NULL,'2025-06-20 11:42:08',NULL),(342,'MLQU-0000053',NULL,'2025-06-20 11:42:08',NULL),(343,'MLQU-0000054',NULL,'2025-06-20 11:42:08',NULL),(344,'MLQU-0000055',NULL,'2025-06-20 11:42:08',NULL),(345,'MLQU-0000056',NULL,'2025-06-20 11:42:08',NULL),(346,'MLQU-0000057',NULL,'2025-06-20 11:42:08',NULL),(347,'MLQU-0000058',NULL,'2025-06-20 11:42:08',NULL),(348,'MLQU-0000059',NULL,'2025-06-20 11:42:08',NULL),(349,'MLQU-0000060',NULL,'2025-06-20 11:42:08',NULL),(350,'MLQU-0000061',NULL,'2025-06-20 11:42:08',NULL),(351,'MLQU-0000062',NULL,'2025-06-20 11:42:08',NULL),(352,'MLQU-0000063',NULL,'2025-06-20 11:42:08',NULL),(353,'MLQU-0000064',NULL,'2025-06-20 11:42:08',NULL),(354,'MLQU-0000065',NULL,'2025-06-20 11:42:08',NULL),(355,'MLQU-0000066',NULL,'2025-06-20 11:42:08',NULL),(356,'MLQU-0000067',NULL,'2025-06-20 11:42:08',NULL),(357,'MLQU-0000068',NULL,'2025-06-20 11:42:08',NULL),(358,'MLQU-0000069',NULL,'2025-06-20 11:42:08',NULL),(359,'MLQU-0000070',NULL,'2025-06-20 11:42:08',NULL),(360,'MLQU-0000071',NULL,'2025-06-20 11:42:08',NULL),(361,'MLQU-0000072',NULL,'2025-06-20 11:42:08',NULL),(362,'MLQU-0000073',NULL,'2025-06-20 11:42:08',NULL),(363,'MLQU-0000074',NULL,'2025-06-20 11:42:08',NULL),(364,'MLQU-0000075',NULL,'2025-06-20 11:42:08',NULL),(365,'MLQU-0000076',NULL,'2025-06-20 11:42:08',NULL),(366,'MLQU-0000077',NULL,'2025-06-20 11:42:08',NULL),(367,'MLQU-0000078',NULL,'2025-06-30 09:21:07',NULL),(368,'MLQU-0000079',NULL,'2025-06-30 09:22:35',NULL),(369,'MLQU-0000078',NULL,'2025-06-30 09:23:16',NULL),(370,'MLQU-0000044',NULL,'2025-06-30 11:06:14',NULL),(371,'MLQU-0000081',NULL,'2025-06-30 14:07:06','2025-06-30 14:15:12'),(372,'MLQU-0000081',NULL,'2025-06-30 14:15:12',NULL),(373,'MLQU-0000001',1,'2025-07-01 11:14:04','2025-07-02 09:47:10'),(374,'MLQU-0000001',1,'2025-07-02 09:47:16','2025-07-02 09:50:31'),(375,'MLQU-0000001',1,'2025-07-02 09:51:17','2025-07-02 09:51:51'),(376,'MLQU-0000001',1,'2025-07-02 10:00:28','2025-07-07 14:04:27'),(377,'MLQU-0000002',1,'2025-07-02 10:01:41','2025-07-07 15:15:23'),(378,'MLQU-0000004',1,'2025-07-02 10:11:14',NULL),(379,'MLQU-0000006',1,'2025-07-02 10:12:58',NULL),(380,'MLQU-0000008',1,'2025-07-02 10:13:16',NULL),(381,'MLQU-0000001',1,'2025-07-07 14:04:40','2025-07-07 14:26:54'),(382,'MLQU-0000001',1,'2025-07-07 14:27:00','2025-07-07 15:14:40'),(383,'MLQU-0000001',1,'2025-07-07 15:20:46','2025-07-14 20:20:16'),(384,'MLQU-0000002',1,'2025-07-07 15:54:04',NULL),(385,'MLQU-0000001',2,'2025-07-14 09:31:44','2025-07-14 09:32:04'),(386,'MLQU-0000001',2,'2025-07-14 09:38:36',NULL),(387,'MLQU-0000001',1,'2025-07-14 16:55:20','2025-07-14 20:20:16');
/*!40000 ALTER TABLE `item_assignment_history` ENABLE KEYS */;
UNLOCK TABLES;

--
-- Table structure for table `items`
--

DROP TABLE IF EXISTS `items`;
/*!40101 SET @saved_cs_client     = @@character_set_client */;
/*!50503 SET character_set_client = utf8mb4 */;
CREATE TABLE `items` (
  `item_id` varchar(12) NOT NULL,
  `serial_number` varchar(70) DEFAULT NULL,
  `item_name` varchar(75) NOT NULL,
  `model_name` varchar(75) DEFAULT NULL,
  `brand_name` varchar(45) NOT NULL,
  `subcategory` int NOT NULL,
  `description` mediumtext,
  `specification` longtext NOT NULL,
  `comment` varchar(75) DEFAULT NULL,
  `employee` int DEFAULT NULL,
  `status` varchar(45) NOT NULL,
  PRIMARY KEY (`item_id`),
  KEY `employee_idx` (`employee`),
  KEY `subcategory_idx` (`subcategory`),
  CONSTRAINT `employee` FOREIGN KEY (`employee`) REFERENCES `employees` (`employee_id`) ON DELETE SET NULL,
  CONSTRAINT `subcategory` FOREIGN KEY (`subcategory`) REFERENCES `subcategories` (`id`)
) ENGINE=InnoDB DEFAULT CHARSET=utf8mb4 COLLATE=utf8mb4_0900_ai_ci;
/*!40101 SET character_set_client = @saved_cs_client */;

--
-- Dumping data for table `items`
--

LOCK TABLES `items` WRITE;
/*!40000 ALTER TABLE `items` DISABLE KEYS */;
INSERT INTO `items` VALUES ('MLQU-0000001',NULL,'Samsung LS24FB350FHEXXP','LS24FB350FHEXXP','Samsung',1,'LEDe','24\"',NULL,2,'assigned'),('MLQU-0000002',NULL,'Clone',NULL,'Clone',2,NULL,'Intel i7; 10gb; RAM; 500gb HDD',NULL,2,'assigned'),('MLQU-0000003',NULL,'Clone',NULL,'Clone',2,NULL,'Intel i3; 4GB RAM; 500GB HDD',NULL,NULL,'active'),('MLQU-0000004',NULL,'Samsung LS19PUYKF','LS19PUYKF','Samsung',1,NULL,'19\"',NULL,NULL,'active'),('MLQU-0000005',NULL,'Samsung LS19PUYKF','LS19PUYKF','Samsung',1,NULL,'19\"',NULL,NULL,'active'),('MLQU-0000006',NULL,'Clone',NULL,'Clone',2,NULL,'Intel i3; 4GB RAM; 500GB HDD',NULL,NULL,'active'),('MLQU-0000007',NULL,'Clone',NULL,'Clone',2,NULL,'Intel i3; 4GB RAM; 500GB HDD',NULL,NULL,'active'),('MLQU-0000008',NULL,'Clone',NULL,'Clone',2,NULL,'Intel i3; 4GB RAM; 500GB HDD',NULL,NULL,'active'),('MLQU-0000009',NULL,'Clone',NULL,'Clone',2,NULL,'Intel i3; 4GB RAM; 500GB HDD',NULL,NULL,'active'),('MLQU-0000010',NULL,'Clone',NULL,'Clone',5,NULL,'Intel i3; 4GB RAM; 500GB HDD; NVIDIA GT630',NULL,NULL,'active'),('MLQU-0000011',NULL,'Samsung LS19PUYKF','LS19PUYKF','Samsung',1,NULL,'19\"',NULL,NULL,'active'),('MLQU-0000012',NULL,'Acer P166HQL','P166HQL','Acer',1,NULL,'16\"',NULL,NULL,'active'),('MLQU-0000013',NULL,'Acer P166HQL','P166HQL','Acer',1,NULL,'16\"',NULL,NULL,'active'),('MLQU-0000014',NULL,'Epson L120','L120','Epson',3,NULL,'inkjet',NULL,2,'assigned'),('MLQU-0000015',NULL,'Epson L3210','L3210','Epson',3,NULL,'inkjet',NULL,NULL,'active'),('MLQU-0000016',NULL,'Samsung LS20B300BS','LS20B300BS','Samsung',1,NULL,'20\"',NULL,2,'assigned'),('MLQU-0000017',NULL,'Epson L210','L210','Epson',3,NULL,'inkjet',NULL,NULL,'active'),('MLQU-0000018',NULL,'BNP CX-D80HS','CX-D80HS','BNP',3,NULL,'card printer',NULL,NULL,'active'),('MLQU-0000019',NULL,'Clone',NULL,'Clone',5,'ID Computer','Intel i7; 16gb RAM',NULL,NULL,'active'),('MLQU-0000020',NULL,'Samsung LS20B300BS','LS20B300BS','Samsung',1,NULL,'20\"',NULL,NULL,'active'),('MLQU-0000021',NULL,'DTS',NULL,'DTS',4,NULL,'relay type',NULL,2,'assigned'),('MLQU-0000022',NULL,'Micropulse',NULL,'Micropulse',4,NULL,'relay type',NULL,NULL,'active'),('MLQU-0000023',NULL,'Micropulse',NULL,'Micropulse',4,NULL,'relay type',NULL,NULL,'active'),('MLQU-0000024',NULL,'Micropulse',NULL,'Micropulse',4,NULL,'relay type',NULL,NULL,'active'),('MLQU-0000025',NULL,'DTS',NULL,'DTS',4,NULL,'relay type',NULL,2,'assigned'),('MLQU-0000026',NULL,'DTS',NULL,'DTS',4,NULL,'relay type',NULL,NULL,'active');
/*!40000 ALTER TABLE `items` ENABLE KEYS */;
UNLOCK TABLES;

--
-- Table structure for table `items_categories`
--

DROP TABLE IF EXISTS `items_categories`;
/*!40101 SET @saved_cs_client     = @@character_set_client */;
/*!50503 SET character_set_client = utf8mb4 */;
CREATE TABLE `items_categories` (
  `id` int NOT NULL,
  `category` varchar(45) DEFAULT NULL,
  PRIMARY KEY (`id`),
  UNIQUE KEY `category_UNIQUE` (`category`)
) ENGINE=InnoDB DEFAULT CHARSET=utf8mb4 COLLATE=utf8mb4_0900_ai_ci;
/*!40101 SET character_set_client = @saved_cs_client */;

--
-- Dumping data for table `items_categories`
--

LOCK TABLES `items_categories` WRITE;
/*!40000 ALTER TABLE `items_categories` DISABLE KEYS */;
INSERT INTO `items_categories` VALUES (1,'assets'),(2,'test');
/*!40000 ALTER TABLE `items_categories` ENABLE KEYS */;
UNLOCK TABLES;

--
-- Temporary view structure for view `items_groups`
--

DROP TABLE IF EXISTS `items_groups`;
/*!50001 DROP VIEW IF EXISTS `items_groups`*/;
SET @saved_cs_client     = @@character_set_client;
/*!50503 SET character_set_client = utf8mb4 */;
/*!50001 CREATE VIEW `items_groups` AS SELECT 
 1 AS `group_name`,
 1 AS `subcategory_id`,
 1 AS `brand_name`,
 1 AS `item_count`,
 1 AS `assigned_count`*/;
SET character_set_client = @saved_cs_client;

--
-- Table structure for table `subcategories`
--

DROP TABLE IF EXISTS `subcategories`;
/*!40101 SET @saved_cs_client     = @@character_set_client */;
/*!50503 SET character_set_client = utf8mb4 */;
CREATE TABLE `subcategories` (
  `id` int NOT NULL,
  `subcategory` varchar(45) NOT NULL,
  `category` int NOT NULL,
  PRIMARY KEY (`id`),
  KEY `category_id_idx` (`category`),
  CONSTRAINT `category_id` FOREIGN KEY (`category`) REFERENCES `items_categories` (`id`)
) ENGINE=InnoDB DEFAULT CHARSET=utf8mb4 COLLATE=utf8mb4_0900_ai_ci;
/*!40101 SET character_set_client = @saved_cs_client */;

--
-- Dumping data for table `subcategories`
--

LOCK TABLES `subcategories` WRITE;
/*!40000 ALTER TABLE `subcategories` DISABLE KEYS */;
INSERT INTO `subcategories` VALUES (1,'monitor',1),(2,'system unit',1),(3,'printer',1),(4,'avr',1),(5,'access point',1),(6,'switch',1);
/*!40000 ALTER TABLE `subcategories` ENABLE KEYS */;
UNLOCK TABLES;

--
-- Table structure for table `user_accounts`
--

DROP TABLE IF EXISTS `user_accounts`;
/*!40101 SET @saved_cs_client     = @@character_set_client */;
/*!50503 SET character_set_client = utf8mb4 */;
CREATE TABLE `user_accounts` (
  `id` int NOT NULL AUTO_INCREMENT,
  `username` varchar(45) NOT NULL,
  `password` varchar(255) NOT NULL,
  `account_type` varchar(45) NOT NULL,
  PRIMARY KEY (`id`),
  UNIQUE KEY `username_UNIQUE` (`username`)
) ENGINE=InnoDB AUTO_INCREMENT=7 DEFAULT CHARSET=utf8mb4 COLLATE=utf8mb4_0900_ai_ci;
/*!40101 SET character_set_client = @saved_cs_client */;

--
-- Dumping data for table `user_accounts`
--

LOCK TABLES `user_accounts` WRITE;
/*!40000 ALTER TABLE `user_accounts` DISABLE KEYS */;
INSERT INTO `user_accounts` VALUES (1,'admin','scrypt:32768:8:1$DnkE7P7s13Wt6dqb$f65c7ba1efab91b825f4d89b7aa9d64e444daa3ed53cf9ed3a23e77d63e21aba3a2f6f3d7a816e2116e4c2c2cae145835b34423ab47340aaf5cd78bd8d0205db','admin'),(2,'user','scrypt:32768:8:1$R5PVwfI4RywZCo3q$a8907a0bff5280df6a88aead39524bbe47a02dc3f0bbf53279486bcadf3901e5b201de6ec081f707bfa45271972126b5e256c977cb8d9c6805c31454f978d31e','user'),(3,'MIS','scrypt:32768:8:1$4PH5ApPCjAJ5IFjv$a6b7ab66a04dbbd4183cc4625dd4e177ca804530131f236b86825180de193ff358c387b35f108e0429bf15e1d7fa51baaaef4f1ff72d636664cefaa9ad193094','admin'),(5,'user1','scrypt:32768:8:1$1cp4IRQbYB89AIAL$ab1ed698b175e9fa8a18d65ea354ed51ff1bfb6255a8b498ea5d497c980e55416d7ae9cb13e6125776e1ef54e6f247f20e09805622ba99702af9b4d58325ab95','user');
/*!40000 ALTER TABLE `user_accounts` ENABLE KEYS */;
UNLOCK TABLES;

--
-- Final view structure for view `items_groups`
--

/*!50001 DROP VIEW IF EXISTS `items_groups`*/;
/*!50001 SET @saved_cs_client          = @@character_set_client */;
/*!50001 SET @saved_cs_results         = @@character_set_results */;
/*!50001 SET @saved_col_connection     = @@collation_connection */;
/*!50001 SET character_set_client      = utf8mb4 */;
/*!50001 SET character_set_results     = utf8mb4 */;
/*!50001 SET collation_connection      = utf8mb4_0900_ai_ci */;
/*!50001 CREATE ALGORITHM=UNDEFINED */
/*!50013 DEFINER=`root`@`localhost` SQL SECURITY DEFINER */
/*!50001 VIEW `items_groups` AS select concat(`subcategories`.`subcategory`,' | ',`items`.`brand_name`) AS `group_name`,`subcategories`.`id` AS `subcategory_id`,`items`.`brand_name` AS `brand_name`,count(`items`.`item_id`) AS `item_count`,sum((`items`.`status` = 'assigned')) AS `assigned_count` from (`items` join `subcategories` on((`items`.`subcategory` = `subcategories`.`id`))) group by `subcategories`.`id`,`items`.`brand_name` */;
/*!50001 SET character_set_client      = @saved_cs_client */;
/*!50001 SET character_set_results     = @saved_cs_results */;
/*!50001 SET collation_connection      = @saved_col_connection */;
/*!40103 SET TIME_ZONE=@OLD_TIME_ZONE */;

/*!40101 SET SQL_MODE=@OLD_SQL_MODE */;
/*!40014 SET FOREIGN_KEY_CHECKS=@OLD_FOREIGN_KEY_CHECKS */;
/*!40014 SET UNIQUE_CHECKS=@OLD_UNIQUE_CHECKS */;
/*!40101 SET CHARACTER_SET_CLIENT=@OLD_CHARACTER_SET_CLIENT */;
/*!40101 SET CHARACTER_SET_RESULTS=@OLD_CHARACTER_SET_RESULTS */;
/*!40101 SET COLLATION_CONNECTION=@OLD_COLLATION_CONNECTION */;
/*!40111 SET SQL_NOTES=@OLD_SQL_NOTES */;

-- Dump completed on 2025-07-26 11:59:19
