CREATE DATABASE  IF NOT EXISTS `inventory_database` /*!40100 DEFAULT CHARACTER SET utf8mb4 COLLATE utf8mb4_0900_ai_ci */ /*!80016 DEFAULT ENCRYPTION='N' */;
USE `inventory_database`;
-- MySQL dump 10.13  Distrib 8.0.41, for Win64 (x86_64)
--
-- Host: localhost    Database: inventory_database
-- ------------------------------------------------------
-- Server version	9.3.0-commercial

/*!40101 SET @OLD_CHARACTER_SET_CLIENT=@@CHARACTER_SET_CLIENT */;
/*!40101 SET @OLD_CHARACTER_SET_RESULTS=@@CHARACTER_SET_RESULTS */;
/*!40101 SET @OLD_COLLATION_CONNECTION=@@COLLATION_CONNECTION */;
/*!50503 SET NAMES utf8 */;
/*!40103 SET @OLD_TIME_ZONE=@@TIME_ZONE */;
/*!40103 SET TIME_ZONE='+00:00' */;
/*!40014 SET @OLD_UNIQUE_CHECKS=@@UNIQUE_CHECKS, UNIQUE_CHECKS=0 */;
/*!40014 SET @OLD_FOREIGN_KEY_CHECKS=@@FOREIGN_KEY_CHECKS, FOREIGN_KEY_CHECKS=0 */;
/*!40101 SET @OLD_SQL_MODE=@@SQL_MODE, SQL_MODE='NO_AUTO_VALUE_ON_ZERO' */;
/*!40111 SET @OLD_SQL_NOTES=@@SQL_NOTES, SQL_NOTES=0 */;

--
-- Table structure for table `employees`
--

DROP TABLE IF EXISTS `employees`;
/*!40101 SET @saved_cs_client     = @@character_set_client */;
/*!50503 SET character_set_client = utf8mb4 */;
CREATE TABLE `employees` (
  `employee_id` int NOT NULL,
  `name` varchar(100) NOT NULL,
  `user_account` int DEFAULT NULL,
  `last_updated` datetime DEFAULT NULL,
  PRIMARY KEY (`employee_id`),
  UNIQUE KEY `name_UNIQUE` (`name`),
  KEY `user_account_idx` (`user_account`),
  CONSTRAINT `user_account` FOREIGN KEY (`user_account`) REFERENCES `user_accounts` (`id`)
) ENGINE=InnoDB DEFAULT CHARSET=utf8mb4 COLLATE=utf8mb4_0900_ai_ci;
/*!40101 SET character_set_client = @saved_cs_client */;

--
-- Dumping data for table `employees`
--

LOCK TABLES `employees` WRITE;
/*!40000 ALTER TABLE `employees` DISABLE KEYS */;
INSERT INTO `employees` VALUES (1,'Joydee Ricafort',NULL,'2025-06-17 16:51:40'),(2,'Joyce Borbon',NULL,'2025-06-17 16:52:36'),(3,'Joan Ugdamina',NULL,'2025-06-17 16:52:40'),(4,'Michelle Esteban',NULL,'2025-06-17 16:52:47'),(5,'Rio Alaja',NULL,'2025-06-17 16:53:00'),(6,'Rhia Vicente',NULL,'2025-06-17 16:53:04'),(7,'Aron Ramilo',NULL,'2025-06-17 16:53:09'),(8,'JP Loveria',NULL,'2025-06-17 16:53:16'),(9,'Genaro Moloboco',NULL,'2025-06-17 16:53:21'),(10,'Ariel Serencio',NULL,'2025-06-17 16:53:31'),(11,'Myra Yuan',NULL,'2025-06-17 16:53:35'),(12,'Cherry Sevidal',NULL,'2025-06-17 16:53:40'),(13,'Floriam Argawanon',NULL,'2025-06-17 16:53:45'),(14,'Myra Ramos',NULL,'2025-06-17 16:54:34'),(15,'Dennis Salvador',NULL,'2025-06-17 16:54:41'),(16,'Student Assistant (Lester)',NULL,'2025-06-17 16:54:50'),(17,'Shaira Baduya',NULL,'2025-06-17 16:54:55'),(18,'Janella Gatchalian',NULL,'2025-06-17 16:55:03'),(19,'Ramon Ducusin',NULL,'2025-06-17 16:55:08'),(20,'Jonathan Ortega',NULL,'2025-06-17 16:55:12'),(21,'Omarcy Llave',NULL,'2025-06-17 16:55:18'),(22,'Ceejae Andrade',NULL,'2025-06-17 16:55:23'),(23,'Edward Bora',NULL,'2025-06-17 16:55:26'),(24,'Astrid Gail De Guzman',NULL,'2025-06-17 16:55:31'),(25,'Roseller Soriano',NULL,'2025-06-17 16:55:35'),(26,'Anna Romero',NULL,'2025-06-17 16:55:41'),(27,'Lorena Gregorio',NULL,'2025-06-17 16:55:45'),(28,'Pia Caccam',NULL,'2025-06-17 16:55:50'),(29,'Severino Angelano',NULL,'2025-06-17 16:55:54'),(30,'Elainne Alajar',NULL,'2025-06-17 16:55:58'),(31,'Margarette Dela Cruz',NULL,'2025-06-17 16:56:03'),(32,'Junnelyne Cagobcob',NULL,'2025-06-17 16:56:07'),(33,'Cassandra Lopez',NULL,'2025-06-17 16:56:12'),(34,'Paula Navalta',NULL,'2025-06-17 16:56:19'),(35,'Lucille Ortile',NULL,'2025-06-17 16:56:26'),(36,'Leo Abrilla',NULL,'2025-06-17 16:56:31'),(37,'Charmaine Pineda',NULL,'2025-06-17 16:56:36'),(38,'Teresa Marie Cacdac',NULL,'2025-06-17 16:56:40'),(39,'Galahad Pe Benito',NULL,'2025-06-17 16:56:50'),(40,'Tonette Nuñez',NULL,'2025-06-17 16:56:54'),(41,'Teressa Sanqui',NULL,'2025-06-17 16:56:58'),(42,'Feliza Hernandez',NULL,'2025-06-17 16:57:03'),(43,'Joy Anne Vicente',NULL,'2025-06-17 16:57:07'),(44,'Eden Ferrer',NULL,'2025-06-17 16:57:11'),(45,'Lala Generales',NULL,'2025-06-17 16:57:16'),(46,'Joana Jose',NULL,'2025-06-17 16:57:23'),(47,'Ms. Mina Vizcarra',NULL,'2025-06-19 15:05:32'),(48,'Vilma Narag',NULL,'2025-06-17 16:57:36'),(49,'Carlos Fenequito',NULL,'2025-06-17 16:57:41'),(50,'Jonathan Pasamonte',NULL,'2025-06-17 16:57:45');
/*!40000 ALTER TABLE `employees` ENABLE KEYS */;
UNLOCK TABLES;

--
-- Table structure for table `item_assignment_history`
--

DROP TABLE IF EXISTS `item_assignment_history`;
/*!40101 SET @saved_cs_client     = @@character_set_client */;
/*!50503 SET character_set_client = utf8mb4 */;
CREATE TABLE `item_assignment_history` (
  `history_id` int NOT NULL AUTO_INCREMENT,
  `item_id` varchar(32) NOT NULL,
  `employee_id` int DEFAULT NULL,
  `assigned_date` datetime NOT NULL,
  `removed_date` datetime DEFAULT NULL,
  PRIMARY KEY (`history_id`),
  KEY `item_assignment_history_ibfk_2` (`employee_id`) /*!80000 INVISIBLE */,
  CONSTRAINT `item_assignment_history_ibfk_2` FOREIGN KEY (`employee_id`) REFERENCES `employees` (`employee_id`) ON DELETE SET NULL
) ENGINE=InnoDB AUTO_INCREMENT=367 DEFAULT CHARSET=utf8mb4 COLLATE=utf8mb4_0900_ai_ci;
/*!40101 SET character_set_client = @saved_cs_client */;

--
-- Dumping data for table `item_assignment_history`
--

LOCK TABLES `item_assignment_history` WRITE;
/*!40000 ALTER TABLE `item_assignment_history` DISABLE KEYS */;
INSERT INTO `item_assignment_history` VALUES (25,'MLQU-0000001',NULL,'2025-05-22 10:38:09','2025-05-22 10:38:25'),(26,'MLQU-0000001',NULL,'2025-05-22 10:38:25','2025-05-22 10:38:32'),(27,'MLQU-0000001',NULL,'2025-05-26 14:07:07','2025-05-26 15:29:51'),(28,'MLQU-0000001',NULL,'2025-05-26 15:29:51','2025-05-27 11:51:44'),(29,'MLQU-0000001',NULL,'2025-05-27 11:51:44','2025-05-28 09:47:52'),(30,'MLQU-0000001',NULL,'2025-05-28 16:37:04','2025-05-28 16:37:16'),(31,'MLQU-0000001',NULL,'2025-05-28 16:37:16','2025-06-17 13:44:11'),(32,'MLQU-0000001',NULL,'2025-06-17 13:44:11',NULL),(33,'MLQU-0000001',1,'2025-06-17 16:52:03',NULL),(34,'MLQU-0000001',15,'2025-06-18 11:19:27',NULL),(35,'MLQU-0000001',1,'2025-06-19 15:38:10',NULL),(36,'MLQU-0000002',2,'2025-06-19 15:38:10',NULL),(37,'MLQU-0000003',3,'2025-06-19 15:38:10',NULL),(38,'MLQU-0000004',4,'2025-06-19 15:38:10',NULL),(39,'MLQU-0000005',4,'2025-06-19 15:38:10',NULL),(40,'MLQU-0000006',4,'2025-06-19 15:38:10',NULL),(41,'MLQU-0000007',4,'2025-06-19 15:38:10',NULL),(42,'MLQU-0000008',4,'2025-06-19 15:38:10',NULL),(43,'MLQU-0000009',4,'2025-06-19 15:38:10',NULL),(44,'MLQU-0000010',4,'2025-06-19 15:38:10',NULL),(45,'MLQU-0000011',4,'2025-06-19 15:38:10',NULL),(46,'MLQU-0000012',4,'2025-06-19 15:38:10',NULL),(47,'MLQU-0000013',4,'2025-06-19 15:38:10',NULL),(48,'MLQU-0000014',4,'2025-06-19 15:38:10',NULL),(49,'MLQU-0000015',4,'2025-06-19 15:38:10',NULL),(50,'MLQU-0000016',6,'2025-06-19 15:38:10',NULL),(51,'MLQU-0000017',6,'2025-06-19 15:38:10',NULL),(52,'MLQU-0000019',6,'2025-06-19 15:38:10',NULL),(53,'MLQU-0000020',7,'2025-06-19 15:38:10',NULL),(54,'MLQU-0000021',7,'2025-06-19 15:38:10',NULL),(55,'MLQU-0000022',7,'2025-06-19 15:38:10',NULL),(56,'MLQU-0000023',8,'2025-06-19 15:38:10',NULL),(57,'MLQU-0000024',9,'2025-06-19 15:38:10',NULL),(58,'MLQU-0000025',9,'2025-06-19 15:38:10',NULL),(59,'MLQU-0000026',10,'2025-06-19 15:38:10',NULL),(60,'MLQU-0000027',11,'2025-06-19 15:38:10',NULL),(61,'MLQU-0000028',12,'2025-06-19 15:38:10',NULL),(62,'MLQU-0000029',13,'2025-06-19 15:38:10',NULL),(63,'MLQU-0000030',14,'2025-06-19 15:38:10',NULL),(64,'MLQU-0000031',15,'2025-06-19 15:38:10',NULL),(65,'MLQU-0000032',14,'2025-06-19 15:38:10',NULL),(66,'MLQU-0000033',14,'2025-06-19 15:38:10',NULL),(67,'MLQU-0000034',14,'2025-06-19 15:38:10',NULL),(68,'MLQU-0000035',16,'2025-06-19 15:38:10',NULL),(69,'MLQU-0000036',17,'2025-06-19 15:38:10',NULL),(70,'MLQU-0000037',18,'2025-06-19 15:38:10',NULL),(71,'MLQU-0000038',19,'2025-06-19 15:38:10',NULL),(72,'MLQU-0000039',20,'2025-06-19 15:38:10',NULL),(73,'MLQU-0000040',19,'2025-06-19 15:38:10',NULL),(74,'MLQU-0000041',21,'2025-06-19 15:38:10',NULL),(75,'MLQU-0000042',22,'2025-06-19 15:38:10',NULL),(76,'MLQU-0000043',23,'2025-06-19 15:38:10',NULL),(77,'MLQU-0000044',23,'2025-06-19 15:38:10',NULL),(78,'MLQU-0000045',24,'2025-06-19 15:38:10',NULL),(79,'MLQU-0000046',25,'2025-06-19 15:38:10',NULL),(80,'MLQU-0000047',26,'2025-06-19 15:38:10',NULL),(81,'MLQU-0000048',27,'2025-06-19 15:38:10',NULL),(82,'MLQU-0000049',27,'2025-06-19 15:38:10',NULL),(83,'MLQU-0000050',28,'2025-06-19 15:38:10',NULL),(84,'MLQU-0000051',29,'2025-06-19 15:38:10',NULL),(85,'MLQU-0000052',30,'2025-06-19 15:38:10',NULL),(86,'MLQU-0000053',28,'2025-06-19 15:38:10',NULL),(87,'MLQU-0000054',31,'2025-06-19 15:38:10',NULL),(88,'MLQU-0000055',31,'2025-06-19 15:38:10',NULL),(89,'MLQU-0000056',32,'2025-06-19 15:38:10',NULL),(90,'MLQU-0000057',33,'2025-06-19 15:38:10',NULL),(91,'MLQU-0000058',34,'2025-06-19 15:38:10',NULL),(92,'MLQU-0000059',36,'2025-06-19 15:38:10',NULL),(93,'MLQU-0000060',36,'2025-06-19 15:38:10',NULL),(94,'MLQU-0000061',37,'2025-06-19 15:38:10',NULL),(95,'MLQU-0000062',38,'2025-06-19 15:38:10',NULL),(96,'MLQU-0000063',38,'2025-06-19 15:38:10',NULL),(97,'MLQU-0000064',39,'2025-06-19 15:38:10',NULL),(98,'MLQU-0000065',40,'2025-06-19 15:38:10',NULL),(99,'MLQU-0000066',41,'2025-06-19 15:38:10',NULL),(100,'MLQU-0000067',42,'2025-06-19 15:38:10',NULL),(101,'MLQU-0000068',43,'2025-06-19 15:38:10',NULL),(102,'MLQU-0000069',44,'2025-06-19 15:38:10',NULL),(103,'MLQU-0000070',44,'2025-06-19 15:38:10',NULL),(104,'MLQU-0000071',45,'2025-06-19 15:38:10',NULL),(105,'MLQU-0000072',46,'2025-06-19 15:38:10',NULL),(106,'MLQU-0000073',47,'2025-06-19 15:38:10',NULL),(107,'MLQU-0000074',48,'2025-06-19 15:38:10',NULL),(108,'MLQU-0000075',49,'2025-06-19 15:38:10',NULL),(109,'MLQU-0000076',50,'2025-06-19 15:38:10',NULL),(110,'MLQU-0000021',7,'2025-06-20 10:20:11',NULL),(111,'MLQU-0000034',14,'2025-06-20 10:20:11',NULL),(112,'MLQU-0000059',35,'2025-06-20 10:20:11',NULL),(113,'MLQU-0000064',38,'2025-06-20 10:20:11',NULL),(114,'MLQU-0000065',39,'2025-06-20 10:20:11',NULL),(115,'MLQU-0000021',7,'2025-06-20 10:20:39',NULL),(116,'MLQU-0000034',14,'2025-06-20 10:20:39',NULL),(117,'MLQU-0000059',35,'2025-06-20 10:20:39',NULL),(118,'MLQU-0000064',38,'2025-06-20 10:20:39',NULL),(119,'MLQU-0000065',39,'2025-06-20 10:20:39',NULL),(120,'MLQU-0000021',7,'2025-06-20 10:23:57',NULL),(121,'MLQU-0000034',14,'2025-06-20 10:23:57',NULL),(122,'MLQU-0000059',35,'2025-06-20 10:23:57',NULL),(123,'MLQU-0000064',38,'2025-06-20 10:23:57',NULL),(124,'MLQU-0000065',39,'2025-06-20 10:23:57',NULL),(125,'MLQU-0000021',7,'2025-06-20 10:34:24',NULL),(126,'MLQU-0000034',14,'2025-06-20 10:34:24',NULL),(127,'MLQU-0000059',35,'2025-06-20 10:34:24',NULL),(128,'MLQU-0000064',38,'2025-06-20 10:34:24',NULL),(129,'MLQU-0000065',39,'2025-06-20 10:34:24',NULL),(130,'MLQU-0000001',1,'2025-06-20 10:36:20',NULL),(131,'MLQU-0000002',2,'2025-06-20 10:36:20',NULL),(132,'MLQU-0000003',3,'2025-06-20 10:36:20',NULL),(133,'MLQU-0000004',4,'2025-06-20 10:36:20',NULL),(134,'MLQU-0000005',4,'2025-06-20 10:36:20',NULL),(135,'MLQU-0000006',4,'2025-06-20 10:36:20',NULL),(136,'MLQU-0000007',4,'2025-06-20 10:36:20',NULL),(137,'MLQU-0000008',4,'2025-06-20 10:36:20',NULL),(138,'MLQU-0000009',4,'2025-06-20 10:36:20',NULL),(139,'MLQU-0000010',4,'2025-06-20 10:36:20',NULL),(140,'MLQU-0000011',4,'2025-06-20 10:36:20',NULL),(141,'MLQU-0000012',4,'2025-06-20 10:36:20',NULL),(142,'MLQU-0000013',4,'2025-06-20 10:36:20',NULL),(143,'MLQU-0000014',4,'2025-06-20 10:36:20',NULL),(144,'MLQU-0000015',4,'2025-06-20 10:36:20',NULL),(145,'MLQU-0000016',6,'2025-06-20 10:36:20',NULL),(146,'MLQU-0000017',6,'2025-06-20 10:36:20',NULL),(147,'MLQU-0000019',6,'2025-06-20 10:36:20',NULL),(148,'MLQU-0000020',7,'2025-06-20 10:36:20',NULL),(149,'MLQU-0000021',7,'2025-06-20 10:36:20',NULL),(150,'MLQU-0000022',7,'2025-06-20 10:36:20',NULL),(151,'MLQU-0000023',8,'2025-06-20 10:36:20',NULL),(152,'MLQU-0000024',9,'2025-06-20 10:36:20',NULL),(153,'MLQU-0000025',9,'2025-06-20 10:36:20',NULL),(154,'MLQU-0000026',10,'2025-06-20 10:36:20',NULL),(155,'MLQU-0000027',11,'2025-06-20 10:36:20',NULL),(156,'MLQU-0000028',12,'2025-06-20 10:36:20',NULL),(157,'MLQU-0000029',13,'2025-06-20 10:36:20',NULL),(158,'MLQU-0000030',14,'2025-06-20 10:36:20',NULL),(159,'MLQU-0000031',15,'2025-06-20 10:36:20',NULL),(160,'MLQU-0000032',14,'2025-06-20 10:36:20',NULL),(161,'MLQU-0000033',14,'2025-06-20 10:36:20',NULL),(162,'MLQU-0000034',14,'2025-06-20 10:36:20',NULL),(163,'MLQU-0000035',16,'2025-06-20 10:36:20',NULL),(164,'MLQU-0000036',17,'2025-06-20 10:36:20',NULL),(165,'MLQU-0000037',18,'2025-06-20 10:36:20',NULL),(166,'MLQU-0000038',19,'2025-06-20 10:36:20',NULL),(167,'MLQU-0000039',20,'2025-06-20 10:36:20',NULL),(168,'MLQU-0000040',19,'2025-06-20 10:36:20',NULL),(169,'MLQU-0000041',21,'2025-06-20 10:36:20',NULL),(170,'MLQU-0000042',22,'2025-06-20 10:36:20',NULL),(171,'MLQU-0000043',23,'2025-06-20 10:36:20',NULL),(172,'MLQU-0000044',23,'2025-06-20 10:36:20',NULL),(173,'MLQU-0000045',24,'2025-06-20 10:36:20',NULL),(174,'MLQU-0000046',25,'2025-06-20 10:36:20',NULL),(175,'MLQU-0000047',26,'2025-06-20 10:36:20',NULL),(176,'MLQU-0000048',27,'2025-06-20 10:36:20',NULL),(177,'MLQU-0000049',27,'2025-06-20 10:36:20',NULL),(178,'MLQU-0000050',28,'2025-06-20 10:36:20',NULL),(179,'MLQU-0000051',29,'2025-06-20 10:36:20',NULL),(180,'MLQU-0000052',30,'2025-06-20 10:36:20',NULL),(181,'MLQU-0000053',28,'2025-06-20 10:36:20',NULL),(182,'MLQU-0000054',31,'2025-06-20 10:36:20',NULL),(183,'MLQU-0000055',31,'2025-06-20 10:36:20',NULL),(184,'MLQU-0000056',32,'2025-06-20 10:36:20',NULL),(185,'MLQU-0000057',33,'2025-06-20 10:36:20',NULL),(186,'MLQU-0000058',34,'2025-06-20 10:36:20',NULL),(187,'MLQU-0000059',36,'2025-06-20 10:36:20',NULL),(188,'MLQU-0000060',36,'2025-06-20 10:36:20',NULL),(189,'MLQU-0000061',37,'2025-06-20 10:36:20',NULL),(190,'MLQU-0000062',38,'2025-06-20 10:36:20',NULL),(191,'MLQU-0000063',38,'2025-06-20 10:36:20',NULL),(192,'MLQU-0000064',39,'2025-06-20 10:36:20',NULL),(193,'MLQU-0000065',40,'2025-06-20 10:36:20',NULL),(194,'MLQU-0000066',41,'2025-06-20 10:36:20',NULL),(195,'MLQU-0000067',42,'2025-06-20 10:36:20',NULL),(196,'MLQU-0000068',43,'2025-06-20 10:36:20',NULL),(197,'MLQU-0000069',44,'2025-06-20 10:36:20',NULL),(198,'MLQU-0000070',44,'2025-06-20 10:36:20',NULL),(199,'MLQU-0000071',45,'2025-06-20 10:36:20',NULL),(200,'MLQU-0000072',46,'2025-06-20 10:36:20',NULL),(201,'MLQU-0000073',47,'2025-06-20 10:36:20',NULL),(202,'MLQU-0000074',48,'2025-06-20 10:36:20',NULL),(203,'MLQU-0000075',49,'2025-06-20 10:36:20',NULL),(204,'MLQU-0000076',50,'2025-06-20 10:36:20',NULL),(205,'MLQU-0000021',7,'2025-06-20 10:56:57',NULL),(206,'MLQU-0000034',14,'2025-06-20 10:56:57',NULL),(207,'MLQU-0000059',35,'2025-06-20 10:56:57',NULL),(208,'MLQU-0000064',38,'2025-06-20 10:56:57',NULL),(209,'MLQU-0000065',39,'2025-06-20 10:56:57',NULL),(210,'MLQU-0000021',7,'2025-06-20 10:57:20',NULL),(211,'MLQU-0000034',14,'2025-06-20 10:57:20',NULL),(212,'MLQU-0000059',35,'2025-06-20 10:57:20',NULL),(213,'MLQU-0000064',38,'2025-06-20 10:57:20',NULL),(214,'MLQU-0000065',39,'2025-06-20 10:57:20',NULL),(215,'MLQU-0000001',1,'2025-06-20 10:59:11',NULL),(216,'MLQU-0000002',2,'2025-06-20 10:59:11',NULL),(217,'MLQU-0000003',3,'2025-06-20 10:59:11',NULL),(218,'MLQU-0000004',4,'2025-06-20 10:59:11',NULL),(219,'MLQU-0000005',4,'2025-06-20 10:59:11',NULL),(220,'MLQU-0000006',4,'2025-06-20 10:59:11',NULL),(221,'MLQU-0000007',4,'2025-06-20 10:59:11',NULL),(222,'MLQU-0000008',4,'2025-06-20 10:59:11',NULL),(223,'MLQU-0000009',4,'2025-06-20 10:59:11',NULL),(224,'MLQU-0000010',4,'2025-06-20 10:59:11',NULL),(225,'MLQU-0000011',4,'2025-06-20 10:59:11',NULL),(226,'MLQU-0000012',4,'2025-06-20 10:59:11',NULL),(227,'MLQU-0000013',4,'2025-06-20 10:59:11',NULL),(228,'MLQU-0000014',4,'2025-06-20 10:59:11',NULL),(229,'MLQU-0000015',4,'2025-06-20 10:59:11',NULL),(230,'MLQU-0000016',6,'2025-06-20 10:59:11',NULL),(231,'MLQU-0000017',6,'2025-06-20 10:59:11',NULL),(232,'MLQU-0000019',6,'2025-06-20 10:59:11',NULL),(233,'MLQU-0000020',7,'2025-06-20 10:59:11',NULL),(234,'MLQU-0000021',7,'2025-06-20 10:59:11',NULL),(235,'MLQU-0000022',7,'2025-06-20 10:59:11',NULL),(236,'MLQU-0000023',8,'2025-06-20 10:59:11',NULL),(237,'MLQU-0000024',9,'2025-06-20 10:59:11',NULL),(238,'MLQU-0000025',9,'2025-06-20 10:59:11',NULL),(239,'MLQU-0000026',10,'2025-06-20 10:59:11',NULL),(240,'MLQU-0000027',11,'2025-06-20 10:59:11',NULL),(241,'MLQU-0000028',12,'2025-06-20 10:59:11',NULL),(242,'MLQU-0000029',13,'2025-06-20 10:59:11',NULL),(243,'MLQU-0000030',14,'2025-06-20 10:59:11',NULL),(244,'MLQU-0000031',15,'2025-06-20 10:59:11',NULL),(245,'MLQU-0000032',14,'2025-06-20 10:59:11',NULL),(246,'MLQU-0000033',14,'2025-06-20 10:59:11',NULL),(247,'MLQU-0000034',14,'2025-06-20 10:59:11',NULL),(248,'MLQU-0000035',16,'2025-06-20 10:59:11',NULL),(249,'MLQU-0000036',17,'2025-06-20 10:59:11',NULL),(250,'MLQU-0000037',18,'2025-06-20 10:59:11',NULL),(251,'MLQU-0000038',19,'2025-06-20 10:59:11',NULL),(252,'MLQU-0000039',20,'2025-06-20 10:59:11',NULL),(253,'MLQU-0000040',19,'2025-06-20 10:59:11',NULL),(254,'MLQU-0000041',21,'2025-06-20 10:59:11',NULL),(255,'MLQU-0000042',22,'2025-06-20 10:59:11',NULL),(256,'MLQU-0000043',23,'2025-06-20 10:59:11',NULL),(257,'MLQU-0000044',23,'2025-06-20 10:59:11',NULL),(258,'MLQU-0000045',24,'2025-06-20 10:59:11',NULL),(259,'MLQU-0000046',25,'2025-06-20 10:59:11',NULL),(260,'MLQU-0000047',26,'2025-06-20 10:59:11',NULL),(261,'MLQU-0000048',27,'2025-06-20 10:59:11',NULL),(262,'MLQU-0000049',27,'2025-06-20 10:59:11',NULL),(263,'MLQU-0000050',28,'2025-06-20 10:59:11',NULL),(264,'MLQU-0000051',29,'2025-06-20 10:59:11',NULL),(265,'MLQU-0000052',30,'2025-06-20 10:59:11',NULL),(266,'MLQU-0000053',28,'2025-06-20 10:59:11',NULL),(267,'MLQU-0000054',31,'2025-06-20 10:59:11',NULL),(268,'MLQU-0000055',31,'2025-06-20 10:59:11',NULL),(269,'MLQU-0000056',32,'2025-06-20 10:59:11',NULL),(270,'MLQU-0000057',33,'2025-06-20 10:59:11',NULL),(271,'MLQU-0000058',34,'2025-06-20 10:59:11',NULL),(272,'MLQU-0000059',35,'2025-06-20 10:59:11',NULL),(273,'MLQU-0000060',36,'2025-06-20 10:59:11',NULL),(274,'MLQU-0000061',36,'2025-06-20 10:59:11',NULL),(275,'MLQU-0000062',37,'2025-06-20 10:59:11',NULL),(276,'MLQU-0000063',38,'2025-06-20 10:59:11',NULL),(277,'MLQU-0000064',38,'2025-06-20 10:59:11',NULL),(278,'MLQU-0000065',39,'2025-06-20 10:59:11',NULL),(279,'MLQU-0000066',40,'2025-06-20 10:59:11',NULL),(280,'MLQU-0000067',41,'2025-06-20 10:59:11',NULL),(281,'MLQU-0000068',42,'2025-06-20 10:59:11',NULL),(282,'MLQU-0000069',43,'2025-06-20 10:59:11',NULL),(283,'MLQU-0000070',44,'2025-06-20 10:59:11',NULL),(284,'MLQU-0000071',44,'2025-06-20 10:59:11',NULL),(285,'MLQU-0000072',45,'2025-06-20 10:59:11',NULL),(286,'MLQU-0000073',46,'2025-06-20 10:59:11',NULL),(287,'MLQU-0000074',47,'2025-06-20 10:59:11',NULL),(288,'MLQU-0000075',48,'2025-06-20 10:59:11',NULL),(289,'MLQU-0000076',49,'2025-06-20 10:59:11',NULL),(290,'MLQU-0000077',50,'2025-06-20 10:59:11',NULL),(291,'MLQU-0000001',1,'2025-06-20 11:42:08',NULL),(292,'MLQU-0000002',2,'2025-06-20 11:42:08',NULL),(293,'MLQU-0000003',3,'2025-06-20 11:42:08',NULL),(294,'MLQU-0000004',4,'2025-06-20 11:42:08',NULL),(295,'MLQU-0000005',4,'2025-06-20 11:42:08',NULL),(296,'MLQU-0000006',4,'2025-06-20 11:42:08',NULL),(297,'MLQU-0000007',4,'2025-06-20 11:42:08',NULL),(298,'MLQU-0000008',4,'2025-06-20 11:42:08',NULL),(299,'MLQU-0000009',4,'2025-06-20 11:42:08',NULL),(300,'MLQU-0000010',4,'2025-06-20 11:42:08',NULL),(301,'MLQU-0000011',4,'2025-06-20 11:42:08',NULL),(302,'MLQU-0000012',4,'2025-06-20 11:42:08',NULL),(303,'MLQU-0000013',4,'2025-06-20 11:42:08',NULL),(304,'MLQU-0000014',4,'2025-06-20 11:42:08',NULL),(305,'MLQU-0000015',4,'2025-06-20 11:42:08',NULL),(306,'MLQU-0000016',6,'2025-06-20 11:42:08',NULL),(307,'MLQU-0000017',6,'2025-06-20 11:42:08',NULL),(308,'MLQU-0000019',6,'2025-06-20 11:42:08',NULL),(309,'MLQU-0000020',7,'2025-06-20 11:42:08',NULL),(310,'MLQU-0000021',7,'2025-06-20 11:42:08',NULL),(311,'MLQU-0000022',7,'2025-06-20 11:42:08',NULL),(312,'MLQU-0000023',8,'2025-06-20 11:42:08',NULL),(313,'MLQU-0000024',9,'2025-06-20 11:42:08',NULL),(314,'MLQU-0000025',9,'2025-06-20 11:42:08',NULL),(315,'MLQU-0000026',10,'2025-06-20 11:42:08',NULL),(316,'MLQU-0000027',11,'2025-06-20 11:42:08',NULL),(317,'MLQU-0000028',12,'2025-06-20 11:42:08',NULL),(318,'MLQU-0000029',13,'2025-06-20 11:42:08',NULL),(319,'MLQU-0000030',14,'2025-06-20 11:42:08',NULL),(320,'MLQU-0000031',15,'2025-06-20 11:42:08',NULL),(321,'MLQU-0000032',14,'2025-06-20 11:42:08',NULL),(322,'MLQU-0000033',14,'2025-06-20 11:42:08',NULL),(323,'MLQU-0000034',14,'2025-06-20 11:42:08',NULL),(324,'MLQU-0000035',16,'2025-06-20 11:42:08',NULL),(325,'MLQU-0000036',17,'2025-06-20 11:42:08',NULL),(326,'MLQU-0000037',18,'2025-06-20 11:42:08',NULL),(327,'MLQU-0000038',19,'2025-06-20 11:42:08',NULL),(328,'MLQU-0000039',20,'2025-06-20 11:42:08',NULL),(329,'MLQU-0000040',19,'2025-06-20 11:42:08',NULL),(330,'MLQU-0000041',21,'2025-06-20 11:42:08',NULL),(331,'MLQU-0000042',22,'2025-06-20 11:42:08',NULL),(332,'MLQU-0000043',23,'2025-06-20 11:42:08',NULL),(333,'MLQU-0000044',23,'2025-06-20 11:42:08',NULL),(334,'MLQU-0000045',24,'2025-06-20 11:42:08',NULL),(335,'MLQU-0000046',25,'2025-06-20 11:42:08',NULL),(336,'MLQU-0000047',26,'2025-06-20 11:42:08',NULL),(337,'MLQU-0000048',27,'2025-06-20 11:42:08',NULL),(338,'MLQU-0000049',27,'2025-06-20 11:42:08',NULL),(339,'MLQU-0000050',28,'2025-06-20 11:42:08',NULL),(340,'MLQU-0000051',29,'2025-06-20 11:42:08',NULL),(341,'MLQU-0000052',30,'2025-06-20 11:42:08',NULL),(342,'MLQU-0000053',28,'2025-06-20 11:42:08',NULL),(343,'MLQU-0000054',31,'2025-06-20 11:42:08',NULL),(344,'MLQU-0000055',31,'2025-06-20 11:42:08',NULL),(345,'MLQU-0000056',32,'2025-06-20 11:42:08',NULL),(346,'MLQU-0000057',33,'2025-06-20 11:42:08',NULL),(347,'MLQU-0000058',34,'2025-06-20 11:42:08',NULL),(348,'MLQU-0000059',35,'2025-06-20 11:42:08',NULL),(349,'MLQU-0000060',36,'2025-06-20 11:42:08',NULL),(350,'MLQU-0000061',36,'2025-06-20 11:42:08',NULL),(351,'MLQU-0000062',37,'2025-06-20 11:42:08',NULL),(352,'MLQU-0000063',38,'2025-06-20 11:42:08',NULL),(353,'MLQU-0000064',38,'2025-06-20 11:42:08',NULL),(354,'MLQU-0000065',39,'2025-06-20 11:42:08',NULL),(355,'MLQU-0000066',40,'2025-06-20 11:42:08',NULL),(356,'MLQU-0000067',41,'2025-06-20 11:42:08',NULL),(357,'MLQU-0000068',42,'2025-06-20 11:42:08',NULL),(358,'MLQU-0000069',43,'2025-06-20 11:42:08',NULL),(359,'MLQU-0000070',44,'2025-06-20 11:42:08',NULL),(360,'MLQU-0000071',44,'2025-06-20 11:42:08',NULL),(361,'MLQU-0000072',45,'2025-06-20 11:42:08',NULL),(362,'MLQU-0000073',46,'2025-06-20 11:42:08',NULL),(363,'MLQU-0000074',47,'2025-06-20 11:42:08',NULL),(364,'MLQU-0000075',48,'2025-06-20 11:42:08',NULL),(365,'MLQU-0000076',49,'2025-06-20 11:42:08',NULL),(366,'MLQU-0000077',50,'2025-06-20 11:42:08',NULL);
/*!40000 ALTER TABLE `item_assignment_history` ENABLE KEYS */;
UNLOCK TABLES;

--
-- Table structure for table `items`
--

DROP TABLE IF EXISTS `items`;
/*!40101 SET @saved_cs_client     = @@character_set_client */;
/*!50503 SET character_set_client = utf8mb4 */;
CREATE TABLE `items` (
  `item_id` varchar(12) NOT NULL,
  `serial_number` varchar(45) DEFAULT NULL,
  `item_name` varchar(45) NOT NULL,
  `category` varchar(45) NOT NULL,
  `description` longtext NOT NULL,
  `comment` varchar(75) NOT NULL,
  `employee` int DEFAULT NULL,
  `department` varchar(45) DEFAULT NULL,
  `status` varchar(45) NOT NULL,
  `last_updated` datetime DEFAULT NULL,
  PRIMARY KEY (`item_id`),
  UNIQUE KEY `serial_number_UNIQUE` (`serial_number`),
  KEY `employee_idx` (`employee`),
  CONSTRAINT `employee` FOREIGN KEY (`employee`) REFERENCES `employees` (`employee_id`) ON DELETE SET NULL
) ENGINE=InnoDB DEFAULT CHARSET=utf8mb4 COLLATE=utf8mb4_0900_ai_ci;
/*!40101 SET character_set_client = @saved_cs_client */;

--
-- Dumping data for table `items`
--

LOCK TABLES `items` WRITE;
/*!40000 ALTER TABLE `items` DISABLE KEYS */;
INSERT INTO `items` VALUES ('MLQU-0000001',NULL,'Windows 10 Pro','computer','Office 2016 | ANTIVIRUS: Bit Defender | PROCESSOR: Intel ® Core i3 | MEMORY (RAM): 4 GB | HARD DRIVE: 500GB | MONITOR: Samsung 19\" | MOUSE: A4 Tech | KEYBOARD: A4 Tech | AVR: Secure','2017',1,'Library','assigned','2025-06-20 11:42:08'),('MLQU-0000002',NULL,'Windows 10 Pro','computer','Office 2010 | ANTIVIRUS: Bit Defender | PROCESSOR: Intel ® Core i7 | MEMORY (RAM): 16 GB | HARD DRIVE: 1000GB | MONITOR: Samsung 24\" | MOUSE: A4 Tech | KEYBOARD: A4 Tech | AVR: No brand | PRINTER: Epson L121','2019',2,'Library','assigned','2025-06-20 11:42:08'),('MLQU-0000003',NULL,'Windows 10 Pro','computer','Office 2016 | ANTIVIRUS: Bit Defender | PROCESSOR: Intel ® Core i7 | MEMORY (RAM): 16 GB | HARD DRIVE: 150 GB | MONITOR: Acer 16\" | MOUSE: HP | KEYBOARD: A4 Tech | AVR: Micropulse','2019',3,'Library','assigned','2025-06-20 11:42:08'),('MLQU-0000004',NULL,'Windows 10 Pro','computer','Office 2016 | ANTIVIRUS: Bit Defender | PROCESSOR: Intel ® Core i3 | MEMORY (RAM): 2 GB | HARD DRIVE: 500 GB | MONITOR: Acer 16\" | MOUSE: HP | KEYBOARD: A4 Tech | AVR: Micropulse','2017',4,'Library','assigned','2025-06-20 11:42:08'),('MLQU-0000005',NULL,'Windows 10 Pro','computer','Office 2016 | ANTIVIRUS: Bit Defender | PROCESSOR: Intel ® Core i3 | MEMORY (RAM): 2 GB | HARD DRIVE: 500 GB | MONITOR: Acer 16\" | MOUSE: Rapoo | KEYBOARD: rapoo | AVR: Secure','2017',4,'Library','assigned','2025-06-20 11:42:08'),('MLQU-0000006',NULL,'Windows 10 Pro','computer','Office 2016 | ANTIVIRUS: Bit Defender | PROCESSOR: Intel ® Core i3 | MEMORY (RAM): 4 GB | HARD DRIVE: 500 GB | MONITOR: Acer 16\" | MOUSE: Rapoo | KEYBOARD: rapoo | AVR: Secure','2017',4,'Library','assigned','2025-06-20 11:42:08'),('MLQU-0000007',NULL,'Windows 10 Pro','computer','Office 2016 | ANTIVIRUS: Bit Defender | PROCESSOR: Intel ® Core i3 | MEMORY (RAM): 4 GB | HARD DRIVE: 500 GB | MONITOR: Acer 16\" | MOUSE: Rapoo | KEYBOARD: rapoo | AVR: Secure','2017',4,'Library','assigned','2025-06-20 11:42:08'),('MLQU-0000008',NULL,'Windows 10 Pro','computer','Office 2016 | ANTIVIRUS: Bit Defender | PROCESSOR: Intel ® Core i7 | MEMORY (RAM): 8 GB | HARD DRIVE: 500 GB | MONITOR: Acer 16\" | MOUSE: Rapoo | KEYBOARD: rapoo | AVR: Secure','2019',4,'Library','assigned','2025-06-20 11:42:08'),('MLQU-0000009',NULL,'Windows 10 Pro','computer','Office 2016 | ANTIVIRUS: Bit Defender | PROCESSOR: Intel ® Core i3 | MEMORY (RAM): 4 GB | HARD DRIVE: 500 GB | MONITOR: Acer 16\" | MOUSE: Rapoo | KEYBOARD: rapoo | AVR: Secure','2017',4,'Library','assigned','2025-06-20 11:42:08'),('MLQU-0000010',NULL,'Windows 10 Pro','computer','Office 2016 | ANTIVIRUS: Bit Defender | PROCESSOR: Intel ® Core i3 | MEMORY (RAM): 4 GB | HARD DRIVE: 500 GB | MONITOR: Acer 16\" | MOUSE: Rapoo | KEYBOARD: rapoo | AVR: Secure','2017',4,'Library','assigned','2025-06-20 11:42:08'),('MLQU-0000011',NULL,'Windows 10 Pro','computer','Office 2016 | ANTIVIRUS: Bit Defender | PROCESSOR: Intel ® Core i3 | MEMORY (RAM): 4 GB | HARD DRIVE: 500 GB | MONITOR: Acer 16\" | MOUSE: Rapoo | KEYBOARD: rapoo | AVR: Secure','2017',4,'Library','assigned','2025-06-20 11:42:08'),('MLQU-0000012',NULL,'Windows 10 Pro','computer','Office 2016 | ANTIVIRUS: Bit Defender | PROCESSOR: Intel ® Core i3 | MEMORY (RAM): 8 GB | HARD DRIVE: 120 SSD | MONITOR: Acer 16\" | MOUSE: Rapoo | KEYBOARD: rapoo | AVR: Secure','2017',4,'Library','assigned','2025-06-20 11:42:08'),('MLQU-0000013',NULL,'Windows 10 Pro','computer','Office 2016 | ANTIVIRUS: Bit Defender | PROCESSOR: Intel ® Core i3 | MEMORY (RAM): 2 GB | HARD DRIVE: 150 GB | MONITOR: Acer 16\" | MOUSE: HP | KEYBOARD: rapoo | AVR: Micropulse','2017',4,'Library','assigned','2025-06-20 11:42:08'),('MLQU-0000014',NULL,'Windows 10 Pro','computer','Office 2016 | ANTIVIRUS: Bit Defender | PROCESSOR: Intel ® Core i3 | MEMORY (RAM): 2 GB | HARD DRIVE: 80 GB | MONITOR: Dell 17\" | MOUSE: Tuscani | KEYBOARD: Dell | AVR: Secure','2017',4,'Library','assigned','2025-06-20 11:42:08'),('MLQU-0000015',NULL,'Windows 10 Pro','computer','Office 2016 | ANTIVIRUS: Bit Defender | PROCESSOR: Intel ® Core i7 | MEMORY (RAM): 16 GB | HARD DRIVE: 1TB | MONITOR: Samsung 20\" | MOUSE: A4tech | KEYBOARD: rapoo | AVR: Micropulse | PRINTER: Epson L3110','2019',4,'Library','assigned','2025-06-20 11:42:08'),('MLQU-0000016',NULL,'Windows 10 Pro','computer','Office 2016 | ANTIVIRUS: Bit Defender | PROCESSOR: Intel ® Core i3 | MEMORY (RAM): 2 GB | HARD DRIVE: 500 GB | MONITOR: Acer 16\" | MOUSE: rapoo | KEYBOARD: rapoo | PRINTER: Epson L360','2017',6,'SHS','assigned','2025-06-20 11:42:08'),('MLQU-0000017',NULL,'Windows 10 Pro','computer','Office 2016 | ANTIVIRUS: Bit Defender | PROCESSOR: Intel ® Core i3 | MEMORY (RAM): 2 GB | HARD DRIVE: 500 GB | MONITOR: Acer 16\" | MOUSE: rapoo | KEYBOARD: rapoo','2017',6,'SHS','assigned','2025-06-20 11:42:08'),('MLQU-0000019',NULL,'Windows 10 Pro','computer','Office 2016 | ANTIVIRUS: Bit Defender | PROCESSOR: Intel ® Core i7 | MEMORY (RAM): 16 GB | HARD DRIVE: 1TB | MONITOR: Samsung 24\" | MOUSE: PROLINK | KEYBOARD: rapoo | AVR: Giant | PRINTER: Epson 3210','2019',6,'SHS','assigned','2025-06-20 11:42:08'),('MLQU-0000020',NULL,'Windows 10 Pro','computer','Office 2016 | ANTIVIRUS: Bit Defender | PROCESSOR: Intel ® Core i7 | MEMORY (RAM): 16 GB | HARD DRIVE: 500 GB | MONITOR: Samsung 24\" | MOUSE: Rapoo | KEYBOARD: rapoo | AVR: D.S. | PRINTER: Epsong L120','2019',7,'MIS','assigned','2025-06-20 11:42:08'),('MLQU-0000021',NULL,'Mac Pro','computer','mac','2019',7,'MIS','assigned','2025-06-20 11:42:08'),('MLQU-0000022',NULL,'Windows 10 Pro','computer','Office 2016 | ANTIVIRUS: Bit Defender | PROCESSOR: Intel ® Core 2 Duo | MEMORY (RAM): 2GB | HARD DRIVE: 80GB | MONITOR: Acer 16\" | MOUSE: Rapoo | KEYBOARD: rapoo | AVR: Micropulse','2014',7,'MIS','assigned','2025-06-20 11:42:08'),('MLQU-0000023',NULL,'Windows 10 Pro','computer','Office 2016 | ANTIVIRUS: Bit Defender | PROCESSOR: Intel ® Core i3 | MEMORY (RAM): 8 GB | HARD DRIVE: 500 GB | MONITOR: Samsung 24\" x2 | MOUSE: A4tech | PRINTER: Epson L210','2017',8,'MIS','assigned','2025-06-20 11:42:08'),('MLQU-0000024',NULL,'Windows 10 Pro','computer','Office 2016 | ANTIVIRUS: Bit Defender | PROCESSOR: Intel ® Core i7 | MEMORY (RAM): 16 GB | HARD DRIVE: 1 TB | MONITOR: Samsung 24\" | MOUSE: Rapoo | KEYBOARD: personal | AVR: Micropulse | PRINTER: Epson L1210','2019',9,'MIS','assigned','2025-06-20 11:42:08'),('MLQU-0000025',NULL,'Windows 10 Pro','computer','Office 2016 | ANTIVIRUS: Bit Defender | PROCESSOR: Intel ® Core i7 | MEMORY (RAM): 4 GB | HARD DRIVE: 500 GB | MONITOR: Devant 50\" | MOUSE: Rapoo | KEYBOARD: no brand | AVR: Micropulse','2019',9,'MIS','assigned','2025-06-20 11:42:08'),('MLQU-0000026',NULL,'Windows 10 Pro','computer','Office 2016 | ANTIVIRUS: Bit Defender | PROCESSOR: Intel ® Core i3 | MEMORY (RAM): 4 GB | HARD DRIVE: 500 GB | MONITOR: Samsung 19\" | MOUSE: Rapoo | KEYBOARD: A4 Tech | AVR: Sunstar | PRINTER: Epson L120','2017',10,'Registrar','assigned','2025-06-20 11:42:08'),('MLQU-0000027',NULL,'Windows 10 Pro','computer','Office 2016 | ANTIVIRUS: Bit Defender | PROCESSOR: Intel ® Core i3 | MEMORY (RAM): 4 GB | HARD DRIVE: 500 GB | MONITOR: Samsung 19\" | KEYBOARD: rapoo | AVR: Secure | PRINTER: Epson L120','2017',11,'Registrar','assigned','2025-06-20 11:42:08'),('MLQU-0000028',NULL,'Windows 10 Pro','computer','Office 2016 | ANTIVIRUS: Bit Defender | PROCESSOR: Intel ® Core i3 | MEMORY (RAM): 4 GB | HARD DRIVE: 500 GB | MONITOR: Samsung 19\" | MOUSE: rapoo | AVR: Giant | PRINTER: Fijitsu scanner and L360','2017',12,'Registrar','assigned','2025-06-20 11:42:08'),('MLQU-0000029',NULL,'Windows 10 Pro','computer','Office 2016 | ANTIVIRUS: Bit Defender | PROCESSOR: Intel ® Core i3 | MEMORY (RAM): 6 GB | HARD DRIVE: 150GB | MONITOR: Samsung 17\" | MOUSE: Dell | KEYBOARD: no brand | AVR: Micropulse','2017',13,'Registrar','assigned','2025-06-20 11:42:08'),('MLQU-0000030',NULL,'Windows 10 Pro','computer','Office 2016 | ANTIVIRUS: Bit Defender | PROCESSOR: Intel ® Core i3 | MEMORY (RAM): 4 GB | HARD DRIVE: 1TB | MONITOR: Samsung 19\" | MOUSE: Dell | KEYBOARD: personal | AVR: Protec | PRINTER: Epson 14150 / Xeox Machine Richo','2017',14,'Registrar','assigned','2025-06-20 11:42:08'),('MLQU-0000031',NULL,'Windows 10 Pro','computer','Office 2016 | ANTIVIRUS: Bit Defender | PROCESSOR: Intel ® Core i3 | MEMORY (RAM): 4 GB | HARD DRIVE: 500 GB | MONITOR: Samsung 19\" | MOUSE: Rapoo | KEYBOARD: rapoo | AVR: Micropulse','2017',15,'Registrar','assigned','2025-06-20 11:42:08'),('MLQU-0000032',NULL,'Windows 10 Pro','computer','Office 2016 | ANTIVIRUS: Bit Defender | PROCESSOR: Intel ® Core i3 | MEMORY (RAM): 4 GB | HARD DRIVE: 500 GB | MONITOR: Samsung 19\" | KEYBOARD: rapoo | AVR: Giant','2017',14,'Registrar','assigned','2025-06-20 11:42:08'),('MLQU-0000033',NULL,'Windows 10 Pro','computer','Office 2016 | ANTIVIRUS: Bit Defender | PROCESSOR: Intel ® Core i3 | MEMORY (RAM): 4 GB | HARD DRIVE: 500 GB | MONITOR: Samsung 19\" | KEYBOARD: rapoo | AVR: Giant','2017',14,'Registrar','assigned','2025-06-20 11:42:08'),('MLQU-0000034',NULL,'Printer Computer','computer','Pirnter only | PRINTER: Ricoh Printer IM C2000','2017',14,'Registrar','assigned','2025-06-20 11:42:08'),('MLQU-0000035',NULL,'Windows 10 Pro','computer','Office 2016 | ANTIVIRUS: Bit Defender | PROCESSOR: Intel ® Core i3 | MEMORY (RAM): 4 GB | HARD DRIVE: 500 GB | MONITOR: Samsung 19\" | MOUSE: A4 Tech | KEYBOARD: HP | AVR: DS | PRINTER: Ricoh Printer IM C2000','2017',16,'SOA/SOE','assigned','2025-06-20 11:42:08'),('MLQU-0000036',NULL,'Windows 10 Pro','computer','Office 2016 | ANTIVIRUS: Bit Defender | PROCESSOR: Intel ® Core i3 | MEMORY (RAM): 4 GB | HARD DRIVE: 500 GB | MONITOR: Samsung 19\" | MOUSE: Rapoo | KEYBOARD: A4 Tech | AVR: Micropulse | PRINTER: Epson L120','2017',17,'SOA/SOE','assigned','2025-06-20 11:42:08'),('MLQU-0000037',NULL,'Windows 10 pro','computer','Office 2016 | ANTIVIRUS: Bit Defender | PROCESSOR: Intel ® Core i3 | MEMORY (RAM): 4GB | HARD DRIVE: 500GB | MONITOR: Samsung | MOUSE: A4 Tech | KEYBOARD: Rapoo | AVR: DS | PRINTER: Epson L - 3110','2017',18,'SOA/SOE','assigned','2025-06-20 11:42:08'),('MLQU-0000038',NULL,'Windows 10 Pro','computer','Office 2016 | ANTIVIRUS: Bit Defender | PROCESSOR: Intel ® Core i3 | MEMORY (RAM): 4 GB | HARD DRIVE: 500 GB | MONITOR: Samsung 24\" | MOUSE: Rapoo | KEYBOARD: Cdr-King | AVR: Giant | PRINTER: Epson L3210','2017',19,'GenServ','assigned','2025-06-20 11:42:08'),('MLQU-0000039',NULL,'Windows 10 Pro','computer','Office 2016 | ANTIVIRUS: Bit Defender | PROCESSOR: Intel ® Core 2 Duo | MEMORY (RAM): 4GB | HARD DRIVE: 150 GB | MONITOR: Samsung 19\" | MOUSE: A4 Tech | KEYBOARD: rapoo | AVR: Protec | PRINTER: Epson L120','2014',20,'GenServ','assigned','2025-06-20 11:42:08'),('MLQU-0000040',NULL,'Windows 10 Pro','computer','Office 2016 | ANTIVIRUS: Bit Defender | PROCESSOR: Intel ® Core i3 | MEMORY (RAM): 2 GB | HARD DRIVE: 150 GB | MONITOR: Acer 16\" | MOUSE: Rapoo | KEYBOARD: A4tech | AVR: Brochiere','2017',19,'GenServ','assigned','2025-06-20 11:42:08'),('MLQU-0000041',NULL,'Windows 10 Pro','computer','Office 2016 | ANTIVIRUS: Bit Defender | PROCESSOR: Intel ® Core i5 | MEMORY (RAM): 8 GB | HARD DRIVE: 120 SSD | MONITOR: Samsung | MOUSE: A4 Tech | KEYBOARD: Dell | AVR: Protec | PRINTER: Epson L -120','2021',21,'HR','assigned','2025-06-20 11:42:08'),('MLQU-0000042',NULL,'Windows 10 Pro','computer','Office 2016 | ANTIVIRUS: Bit Defender | PROCESSOR: Intel ® Core i5 | MEMORY (RAM): 8 GB | HARD DRIVE: 120 SSD | MONITOR: Samsung | MOUSE: Rapoo | KEYBOARD: rapoo | AVR: Micropulse | PRINTER: Epson L360','2021',22,'HR','assigned','2025-06-20 11:42:08'),('MLQU-0000043',NULL,'Windows 10 Pro','computer','Office 2016 | ANTIVIRUS: Bit Defender | PROCESSOR: Intel ® Core i3 | MEMORY (RAM): 4 GB | HARD DRIVE: 500 GB | MONITOR: Acer 16\" | MOUSE: Rapoo | KEYBOARD: Rapoo | AVR: D5 | PRINTER: BROTHER DCP - L2540DW','2017',23,'HR','assigned','2025-06-20 11:42:08'),('MLQU-0000044',NULL,'Windows 10 Pro','computer','Office 2016 | ANTIVIRUS: Bit Defender | PROCESSOR: Intel ® Core i3 | MEMORY (RAM): 2 GB | HARD DRIVE: 500 GB | MONITOR: Samsung | MOUSE: Rapoo | KEYBOARD: rapoo | AVR: Micropulse','2017',23,'HR','assigned','2025-06-20 11:42:08'),('MLQU-0000045',NULL,'Windows 10 Pro','computer','Office 2016 | ANTIVIRUS: Bit Defender | PROCESSOR: Intel ® Core i7 | MEMORY (RAM): 8 GB | HARD DRIVE: 1 TB | MONITOR: HP 20\" | MOUSE: Rapoo | KEYBOARD: A4tech | AVR: Secure | PRINTER: Epson L - 360','2019',24,'Accounting','assigned','2025-06-20 11:42:08'),('MLQU-0000046',NULL,'Windows 10 Pro','computer','Office 2016 | ANTIVIRUS: Bit Defender | PROCESSOR: Intel ® Core i3 | MEMORY (RAM): 2 GB | HARD DRIVE: 500 GB | MONITOR: Samsung 19\" | MOUSE: Rapoo | KEYBOARD: Rapoo | AVR: Micropulse | PRINTER: Epson L - 120','2017',25,'Accounting','assigned','2025-06-20 11:42:08'),('MLQU-0000047',NULL,'Windows 10 Pro','computer','Office 2016 | ANTIVIRUS: Bit Defender | PROCESSOR: Intel ® Core i7 | MEMORY (RAM): 8 GB | HARD DRIVE: 500 SSD | MONITOR: Lennovo 22\" | MOUSE: lenovo | KEYBOARD: lenovo | AVR: Micropulse | PRINTER: Epson L14150','2019',26,'Accounting','assigned','2025-06-20 11:42:08'),('MLQU-0000048',NULL,'Windows 10 Pro','computer','Office 2016 | ANTIVIRUS: Bit Defender | PROCESSOR: Intel ® Core i3 | MEMORY (RAM): 4 GB | HARD DRIVE: 500 GB | MONITOR: samsung | MOUSE: Rapoo | KEYBOARD: A4tech | AVR: Secure | PRINTER: Epson L3210','2017',27,'Accounting','assigned','2025-06-20 11:42:08'),('MLQU-0000049',NULL,'Windows 10 Pro','computer','Office 2016 | ANTIVIRUS: Bit Defender | PROCESSOR: Intel ® Core i3 | MEMORY (RAM): 4 GB | HARD DRIVE: 500 GB | MONITOR: HP 20\" | MOUSE: Rapoo | KEYBOARD: A4Tech | AVR: Secure | PRINTER: Epson L 121','2017',27,'Accounting','assigned','2025-06-20 11:42:08'),('MLQU-0000050',NULL,'Windows 10 Pro','computer','Office 2016 | ANTIVIRUS: Bit Defender | PROCESSOR: Intel ® Core i7 | MEMORY (RAM): 8 GB | HARD DRIVE: 1 TB | MONITOR: Samsung 19\" | MOUSE: A4 Tech | KEYBOARD: rapoo | AVR: Micropulse | PRINTER: Epson L3210','2021',28,'OSAS','assigned','2025-06-20 11:42:08'),('MLQU-0000051',NULL,'Windows 10 Pro','computer','Office 2016 | ANTIVIRUS: Bit Defender | PROCESSOR: Intel ® Core i3 | MEMORY (RAM): 4 GB | HARD DRIVE: 500 GB | MONITOR: Samsung 24\" | MOUSE: A4 Tech | KEYBOARD: rapoo | AVR: Giant','2017',29,'OSAS','assigned','2025-06-20 11:42:08'),('MLQU-0000052',NULL,'Windows 10 Pro','computer','Office 2016 | ANTIVIRUS: Bit Defender | PROCESSOR: Intel ® Core i3 | MEMORY (RAM): 4 GB | HARD DRIVE: 500 GB | MONITOR: Samsung 24\" | MOUSE: Rapoo | KEYBOARD: rapoo | AVR: Secure','2017',30,'OSAS','assigned','2025-06-20 11:42:08'),('MLQU-0000053',NULL,'Windows 10 Pro','computer','Office 2016 | ANTIVIRUS: Bit Defender | PROCESSOR: Intel ® Core i3 | MEMORY (RAM): 4 GB | HARD DRIVE: 500 GB | MONITOR: Dell 17\" | MOUSE: A4 Tech | KEYBOARD: rapoo | AVR: Micropulse','2017',28,'OSAS','assigned','2025-06-20 11:42:08'),('MLQU-0000054',NULL,'Windows 10 Pro','computer','Office 2016 | ANTIVIRUS: Bit Defender | PROCESSOR: Intel ® Core i3 | MEMORY (RAM): 4 GB | HARD DRIVE: 500 GB | MONITOR: Samsung 24\" | MOUSE: A4 Tech | KEYBOARD: A4 Tech | AVR: Micropulse | PRINTER: Epson L455','2017',31,'SESO','assigned','2025-06-20 11:42:08'),('MLQU-0000055',NULL,'Windows 10 Pro','computer','Office 2016 | ANTIVIRUS: Bit Defender | PROCESSOR: Intel ® Core i3 | MEMORY (RAM): 4 GB | HARD DRIVE: 500 GB | MONITOR: Samsung 24\" | MOUSE: Rapoo | KEYBOARD: N/A Personal | AVR: Giant | PRINTER: Epson L- 360','2017',31,'Cashier','assigned','2025-06-20 11:42:08'),('MLQU-0000056',NULL,'Windows 7 Pro','computer','Office 2016 | ANTIVIRUS: Bit Defender | PROCESSOR: Intel ® Core i3 | MEMORY (RAM): 4 GB | HARD DRIVE: 150 GB | MONITOR: Samsung 22\" | MOUSE: HP | KEYBOARD: HP | AVR: Micropulse | PRINTER: Epson L360 AND LQ - 310','2017',32,'Cashier','assigned','2025-06-20 11:42:08'),('MLQU-0000057',NULL,'Windows 7 Pro','computer','Office 2007 | ANTIVIRUS: Bit Defender | PROCESSOR: Intel ® Core i3 | MEMORY (RAM): 4 GB | HARD DRIVE: 500 GB | MONITOR: Samsung | MOUSE: Rapoo | KEYBOARD: Dell | AVR: Giant | PRINTER: Epson L14150','2017',33,'Marketing','assigned','2025-06-20 11:42:08'),('MLQU-0000058',NULL,'Windows 10 Pro','computer','Office 2016 | ANTIVIRUS: Bit Defender | PROCESSOR: Intel ® Core i3 | MEMORY (RAM): 4 GB | HARD DRIVE: 500 GB | MONITOR: Samsung 19\" | KEYBOARD: rapoo | AVR: Giant','2017',34,'OTP','assigned','2025-06-20 11:42:08'),('MLQU-0000059',NULL,'Laptop Lenovo','computer','ANTIVIRUS: Bit Defender','2022',35,'OTP','assigned','2025-06-20 11:42:08'),('MLQU-0000060',NULL,'Windows 10 Pro','computer','Office 2016 | ANTIVIRUS: Bit Defender | PROCESSOR: Intel ® Core i3 | MEMORY (RAM): 4 GB | HARD DRIVE: 500 GB | MONITOR: Samsung 19\" | MOUSE: Rapoo | KEYBOARD: Dell | AVR: Micropulse','2017',36,'SCJ','assigned','2025-06-20 11:42:08'),('MLQU-0000061',NULL,'Windows 10 Pro','computer','Standard 2010 | ANTIVIRUS: Bit Defender | PROCESSOR: Intel ® Core i3 | MEMORY (RAM): 4 GB | HARD DRIVE: 500 GB | MONITOR: Samsung 19\" | MOUSE: Rapoo | KEYBOARD: A4 Tech | AVR: Brochiere | PRINTER: Epson L360','2017',36,'SCJ','assigned','2025-06-20 11:42:08'),('MLQU-0000062',NULL,'Windows 10 Pro','computer','Office 2016 | ANTIVIRUS: Bit Defender | PROCESSOR: Intel ® Core i3 | MEMORY (RAM): 8 GB | HARD DRIVE: 1.20 TB | MONITOR: Acer | MOUSE: A4 Tech | KEYBOARD: A4 Tech | AVR: Secure | PRINTER: Epson L360','2017',37,'SOL','assigned','2025-06-20 11:42:08'),('MLQU-0000063',NULL,'Windows 10 Pro','computer','Office 2016 | ANTIVIRUS: Bit Defender | PROCESSOR: Intel ® Core i3 | MEMORY (RAM): 2 GB | HARD DRIVE: 500 GB | MONITOR: Samsung | MOUSE: A4 Tech | KEYBOARD: Dell | AVR: Worx','2017',38,'SOL','assigned','2025-06-20 11:42:08'),('MLQU-0000064',NULL,'Mcbook Air','computer','mac','2017',38,'SOL','assigned','2025-06-20 11:42:08'),('MLQU-0000065',NULL,'Mcbook Air','computer','mac','2017',39,'SOL','assigned','2025-06-20 11:42:08'),('MLQU-0000066',NULL,'Windows 10 Pro','computer','Office 2016 | ANTIVIRUS: Bit Defender | PROCESSOR: Intel ® Core i3 | MEMORY (RAM): 4 GB | HARD DRIVE: 500 GB | MONITOR: Samsung | MOUSE: A4 Tech | KEYBOARD: HP | AVR: Eco Power | PRINTER: Epson L360','2017',40,'SOL','assigned','2025-06-20 11:42:08'),('MLQU-0000067',NULL,'Windows 10 Pro','computer','Office 2016 | ANTIVIRUS: Bit Defender | PROCESSOR: Intel ® Core i3 | MEMORY (RAM): 4 GB | HARD DRIVE: 500 GB | MONITOR: AOC | MOUSE: Rapoo | KEYBOARD: rapoo | AVR: Eco Power | PRINTER: Epson L120','2017',41,'Clinic','assigned','2025-06-20 11:42:08'),('MLQU-0000068',NULL,'Windows 10 Pro','computer','Office 2016 | ANTIVIRUS: Bit Defender | PROCESSOR: Intel ® Core i3 | MEMORY (RAM): 4 GB | HARD DRIVE: 500 GB | MONITOR: Samsung | MOUSE: Rapoo | KEYBOARD: A4 Tech | AVR: Eco Power','2017',42,'SGS','assigned','2025-06-20 11:42:08'),('MLQU-0000069',NULL,'Windows 10 Pro','computer','Office 2016 | ANTIVIRUS: Bit Defender | PROCESSOR: Intel ® Core i3 | MEMORY (RAM): 4 GB | HARD DRIVE: 500 GB | MONITOR: Samsung 19\" | MOUSE: A4Tech | KEYBOARD: Rapoo | AVR: Secure','2017',43,'SOB','assigned','2025-06-20 11:42:08'),('MLQU-0000070',NULL,'Windows 10 Pro','computer','Office 2016 | ANTIVIRUS: Bit Defender | PROCESSOR: Intel ® Core i3 | MEMORY (RAM): 4 GB | HARD DRIVE: 1 TB | MONITOR: Samsung 24\" | MOUSE: Rapoo | KEYBOARD: rapoo | AVR: DTS | PRINTER: Epson L5290','2017',44,'SOB','assigned','2025-06-20 11:42:08'),('MLQU-0000071',NULL,'Windows 10 pro','computer','Office 2016 | ANTIVIRUS: Bit Defender | PROCESSOR: Intel ® Core i3 | MEMORY (RAM): 4GB | HARD DRIVE: 500GB | MONITOR: Samsung | MOUSE: A4Tech | KEYBOARD: NO brand | AVR: Powersafe','2017',44,'SOB','assigned','2025-06-20 11:42:08'),('MLQU-0000072',NULL,'Windows 10 Pro','computer','Office 2016 | ANTIVIRUS: Bit Defender | PROCESSOR: Intel ® Core i7 | MEMORY (RAM): 8 GB | HARD DRIVE: 500 SSD | MONITOR: Lennovo 22\" | MOUSE: lenovo | KEYBOARD: lenovo | AVR: Micropulse | PRINTER: L3210','2019',45,'SOB','assigned','2025-06-20 11:42:08'),('MLQU-0000073',NULL,'Windows 10 Pro','computer','Office 2016 | ANTIVIRUS: Bit Defender | PROCESSOR: Intel ® Core i7 | MEMORY (RAM): 16 GB | HARD DRIVE: 1 TB | MONITOR: Samsung 24\" | MOUSE: Rapoo | KEYBOARD: rapoo | AVR: Micropulse | PRINTER: Epson L360','2019',46,'QACRO','assigned','2025-06-20 11:42:08'),('MLQU-0000074',NULL,'Windows 10 Pro','computer','Office 2016 | ANTIVIRUS: Bit Defender | PROCESSOR: Intel ® Core i3 | MEMORY (RAM): 4 GB | HARD DRIVE: 500 GB | MONITOR: Samsung 24\" | MOUSE: Rapoo | KEYBOARD: rapoo | AVR: Mitsui','2017',47,'QACRO','assigned','2025-06-20 11:42:08'),('MLQU-0000075',NULL,'Windows 10 Pro','computer','Office 2016 | ANTIVIRUS: Bit Defender | PROCESSOR: Intel ® Core i3 | MEMORY (RAM): 4GB | HARD DRIVE: 500 GB | MONITOR: Samsung 19\" | MOUSE: no brand | KEYBOARD: no brand | AVR: no brand','2017',48,'Laboratory','assigned','2025-06-20 11:42:08'),('MLQU-0000076',NULL,'Windows 10 Pro','computer','Office 2016 | ANTIVIRUS: Bit Defender | PROCESSOR: Intel ® Core i3 | MEMORY (RAM): 4GB | HARD DRIVE: 500 GB | MONITOR: Samsung 19\" | MOUSE: no brand | KEYBOARD: no brand | AVR: no brand','2017',49,'Sports Coordinator','assigned','2025-06-20 11:42:08'),('MLQU-0000077',NULL,'Windows 10 Pro','computer','Office 2016 | ANTIVIRUS: Bit Defender | PROCESSOR: Intel ® Core i3 | MEMORY (RAM): 4 GB | HARD DRIVE: 500 GB | MONITOR: Samsung 20\" | MOUSE: HP | KEYBOARD: rapoo | AVR: Brochere','2017',50,'Admission','assigned','2025-06-20 11:42:08');
/*!40000 ALTER TABLE `items` ENABLE KEYS */;
UNLOCK TABLES;

--
-- Table structure for table `user_accounts`
--

DROP TABLE IF EXISTS `user_accounts`;
/*!40101 SET @saved_cs_client     = @@character_set_client */;
/*!50503 SET character_set_client = utf8mb4 */;
CREATE TABLE `user_accounts` (
  `id` int NOT NULL AUTO_INCREMENT,
  `username` varchar(45) NOT NULL,
  `password` varchar(255) NOT NULL,
  `account_type` varchar(45) NOT NULL,
  PRIMARY KEY (`id`),
  UNIQUE KEY `username_UNIQUE` (`username`)
) ENGINE=InnoDB AUTO_INCREMENT=4 DEFAULT CHARSET=utf8mb4 COLLATE=utf8mb4_0900_ai_ci;
/*!40101 SET character_set_client = @saved_cs_client */;

--
-- Dumping data for table `user_accounts`
--

LOCK TABLES `user_accounts` WRITE;
/*!40000 ALTER TABLE `user_accounts` DISABLE KEYS */;
INSERT INTO `user_accounts` VALUES (1,'admin','scrypt:32768:8:1$DnkE7P7s13Wt6dqb$f65c7ba1efab91b825f4d89b7aa9d64e444daa3ed53cf9ed3a23e77d63e21aba3a2f6f3d7a816e2116e4c2c2cae145835b34423ab47340aaf5cd78bd8d0205db','admin'),(2,'user','scrypt:32768:8:1$R5PVwfI4RywZCo3q$a8907a0bff5280df6a88aead39524bbe47a02dc3f0bbf53279486bcadf3901e5b201de6ec081f707bfa45271972126b5e256c977cb8d9c6805c31454f978d31e','user'),(3,'MIS','scrypt:32768:8:1$4PH5ApPCjAJ5IFjv$a6b7ab66a04dbbd4183cc4625dd4e177ca804530131f236b86825180de193ff358c387b35f108e0429bf15e1d7fa51baaaef4f1ff72d636664cefaa9ad193094','admin');
/*!40000 ALTER TABLE `user_accounts` ENABLE KEYS */;
UNLOCK TABLES;
/*!40103 SET TIME_ZONE=@OLD_TIME_ZONE */;

/*!40101 SET SQL_MODE=@OLD_SQL_MODE */;
/*!40014 SET FOREIGN_KEY_CHECKS=@OLD_FOREIGN_KEY_CHECKS */;
/*!40014 SET UNIQUE_CHECKS=@OLD_UNIQUE_CHECKS */;
/*!40101 SET CHARACTER_SET_CLIENT=@OLD_CHARACTER_SET_CLIENT */;
/*!40101 SET CHARACTER_SET_RESULTS=@OLD_CHARACTER_SET_RESULTS */;
/*!40101 SET COLLATION_CONNECTION=@OLD_COLLATION_CONNECTION */;
/*!40111 SET SQL_NOTES=@OLD_SQL_NOTES */;

-- Dump completed on 2025-06-27 16:17:27
CREATE DATABASE  IF NOT EXISTS `library_database` /*!40100 DEFAULT CHARACTER SET utf8mb4 COLLATE utf8mb4_0900_ai_ci */ /*!80016 DEFAULT ENCRYPTION='N' */;
USE `library_database`;
-- MySQL dump 10.13  Distrib 8.0.41, for Win64 (x86_64)
--
-- Host: localhost    Database: library_database
-- ------------------------------------------------------
-- Server version	9.3.0-commercial

/*!40101 SET @OLD_CHARACTER_SET_CLIENT=@@CHARACTER_SET_CLIENT */;
/*!40101 SET @OLD_CHARACTER_SET_RESULTS=@@CHARACTER_SET_RESULTS */;
/*!40101 SET @OLD_COLLATION_CONNECTION=@@COLLATION_CONNECTION */;
/*!50503 SET NAMES utf8 */;
/*!40103 SET @OLD_TIME_ZONE=@@TIME_ZONE */;
/*!40103 SET TIME_ZONE='+00:00' */;
/*!40014 SET @OLD_UNIQUE_CHECKS=@@UNIQUE_CHECKS, UNIQUE_CHECKS=0 */;
/*!40014 SET @OLD_FOREIGN_KEY_CHECKS=@@FOREIGN_KEY_CHECKS, FOREIGN_KEY_CHECKS=0 */;
/*!40101 SET @OLD_SQL_MODE=@@SQL_MODE, SQL_MODE='NO_AUTO_VALUE_ON_ZERO' */;
/*!40111 SET @OLD_SQL_NOTES=@@SQL_NOTES, SQL_NOTES=0 */;

--
-- Table structure for table `students`
--

DROP TABLE IF EXISTS `students`;
/*!40101 SET @saved_cs_client     = @@character_set_client */;
/*!50503 SET character_set_client = utf8mb4 */;
CREATE TABLE `students` (
  `student_id` varchar(60) NOT NULL,
  `name` varchar(100) NOT NULL,
  `school` varchar(55) DEFAULT NULL,
  PRIMARY KEY (`student_id`),
  UNIQUE KEY `name_UNIQUE` (`name`)
) ENGINE=InnoDB DEFAULT CHARSET=utf8mb4 COLLATE=utf8mb4_0900_ai_ci;
/*!40101 SET character_set_client = @saved_cs_client */;

--
-- Dumping data for table `students`
--

LOCK TABLES `students` WRITE;
/*!40000 ALTER TABLE `students` DISABLE KEYS */;
/*!40000 ALTER TABLE `students` ENABLE KEYS */;
UNLOCK TABLES;

--
-- Table structure for table `students_logs`
--

DROP TABLE IF EXISTS `students_logs`;
/*!40101 SET @saved_cs_client     = @@character_set_client */;
/*!50503 SET character_set_client = utf8mb4 */;
CREATE TABLE `students_logs` (
  `log_id` int NOT NULL,
  `student_id` varchar(60) NOT NULL,
  `login_date` datetime DEFAULT NULL,
  PRIMARY KEY (`log_id`)
) ENGINE=InnoDB DEFAULT CHARSET=utf8mb4 COLLATE=utf8mb4_0900_ai_ci;
/*!40101 SET character_set_client = @saved_cs_client */;

--
-- Dumping data for table `students_logs`
--

LOCK TABLES `students_logs` WRITE;
/*!40000 ALTER TABLE `students_logs` DISABLE KEYS */;
/*!40000 ALTER TABLE `students_logs` ENABLE KEYS */;
UNLOCK TABLES;

--
-- Table structure for table `user_accounts`
--

DROP TABLE IF EXISTS `user_accounts`;
/*!40101 SET @saved_cs_client     = @@character_set_client */;
/*!50503 SET character_set_client = utf8mb4 */;
CREATE TABLE `user_accounts` (
  `id` int NOT NULL AUTO_INCREMENT,
  `username` varchar(45) NOT NULL,
  `password` varchar(255) NOT NULL,
  `account_type` varchar(45) NOT NULL,
  PRIMARY KEY (`id`),
  UNIQUE KEY `username_UNIQUE` (`username`)
) ENGINE=InnoDB AUTO_INCREMENT=4 DEFAULT CHARSET=utf8mb4 COLLATE=utf8mb4_0900_ai_ci;
/*!40101 SET character_set_client = @saved_cs_client */;

--
-- Dumping data for table `user_accounts`
--

LOCK TABLES `user_accounts` WRITE;
/*!40000 ALTER TABLE `user_accounts` DISABLE KEYS */;
INSERT INTO `user_accounts` VALUES (1,'rizal','scrypt:32768:8:1$UZLJRcwukSDikFEq$afb507282297da8ec3988a74fe4460e4fcd9848f39f82d5a7ea331fa50e6469acf795c68fb7dc2e354634db5bebe4d0cc716e9f27052aa25cf6c18ce427e8dbd','admin');
/*!40000 ALTER TABLE `user_accounts` ENABLE KEYS */;
UNLOCK TABLES;
/*!40103 SET TIME_ZONE=@OLD_TIME_ZONE */;

/*!40101 SET SQL_MODE=@OLD_SQL_MODE */;
/*!40014 SET FOREIGN_KEY_CHECKS=@OLD_FOREIGN_KEY_CHECKS */;
/*!40014 SET UNIQUE_CHECKS=@OLD_UNIQUE_CHECKS */;
/*!40101 SET CHARACTER_SET_CLIENT=@OLD_CHARACTER_SET_CLIENT */;
/*!40101 SET CHARACTER_SET_RESULTS=@OLD_CHARACTER_SET_RESULTS */;
/*!40101 SET COLLATION_CONNECTION=@OLD_COLLATION_CONNECTION */;
/*!40111 SET SQL_NOTES=@OLD_SQL_NOTES */;

-- Dump completed on 2025-06-27 16:17:28
